latitude,longitude,elevation_m,slope_percent,water_distance_km,nearest_water_name,nearest_water_type,urban_distance_km,soil_type,soil_ph,soil_organic_matter,soil_productivity,annual_precipitation_mm,sunshine_hours,average_temperature,climate_type,landcover_type,region_name,data_source,suitability_score,suitability_reasons,detailed_reasons,suitability_category
39.0570577,36.1713151,301,2.7,1.2,Unnamed,stream,228.5,Clay-Loamy,7.1,1.8,medium-high,850,1950,14.0,Black Sea,orchard,,OpenStreetMap,87,"very close to water, low slope, low elevation, good soil, suitable precipitation, ideal sunshine, existing agricultural land",ğŸ’§ Water: 1.2km (Unnamed) - EXCELLENT | ğŸ“ Slope: 2.7% - EXCELLENT | â›°ï¸ Elevation: 301m - EXCELLENT | ğŸ™ï¸ Urban: 228.5km - FAR | ğŸŒ± Soil: Clay-Loamy (pH:7.1) - GOOD | ğŸŒ§ï¸ Precipitation: 850mm - GOOD | â˜€ï¸ Sunshine: 1950 hours - EXCELLENT | ğŸï¸ Landcover: orchard - BONUS,HIGHLY PRODUCTIVE
39.0539043,36.1407267,369,5.7,1.5,Unnamed,stream,282.5,Clay-Loamy,7.1,1.8,medium-high,850,1950,14.0,Black Sea,orchard,,OpenStreetMap,82,"very close to water, medium slope, low elevation, good soil, suitable precipitation, ideal sunshine, existing agricultural land",ğŸ’§ Water: 1.5km (Unnamed) - EXCELLENT | ğŸ“ Slope: 5.7% - GOOD | â›°ï¸ Elevation: 369m - EXCELLENT | ğŸ™ï¸ Urban: 282.5km - FAR | ğŸŒ± Soil: Clay-Loamy (pH:7.1) - GOOD | ğŸŒ§ï¸ Precipitation: 850mm - GOOD | â˜€ï¸ Sunshine: 1950 hours - EXCELLENT | ğŸï¸ Landcover: orchard - BONUS,HIGHLY PRODUCTIVE
39.3283907,36.5507104,638,8.1,7.1,Kanak Deresi,stream,244.0,Loamy-Sandy,6.5,1.2,medium,850,1950,14.0,Black Sea,farmland,,OpenStreetMap,72,"close to water, medium slope, low elevation, medium soil, suitable precipitation, ideal sunshine, existing agricultural land",ğŸ’§ Water: 7.1km (Kanak Deresi) - GOOD | ğŸ“ Slope: 8.1% - GOOD | â›°ï¸ Elevation: 638m - EXCELLENT | ğŸ™ï¸ Urban: 244.0km - FAR | ğŸŒ± Soil: Loamy-Sandy (pH:6.5) - MEDIUM | ğŸŒ§ï¸ Precipitation: 850mm - GOOD | â˜€ï¸ Sunshine: 1950 hours - EXCELLENT | ğŸï¸ Landcover: farmland - BONUS,PRODUCTIVE
37.6146302,40.4720004,1196,14.7,2.3,GÃ¶ksu Deresi,stream,568.9,Stony-Sandy,5.8,0.7,low,380,2650,11.2,Continental,orchard,,OpenStreetMap,63,"very close to water, high slope, medium elevation, suitable precipitation, ideal sunshine, existing agricultural land",ğŸ’§ Water: 2.3km (GÃ¶ksu Deresi) - EXCELLENT | ğŸ“ Slope: 14.7% - MEDIUM | â›°ï¸ Elevation: 1196m - GOOD | ğŸ™ï¸ Urban: 568.9km - FAR | ğŸŒ± Soil: Stony-Sandy (pH:5.8) - LOW | ğŸŒ§ï¸ Precipitation: 380mm - GOOD | â˜€ï¸ Sunshine: 2650 hours - EXCELLENT | ğŸï¸ Landcover: orchard - BONUS,MODERATELY PRODUCTIVE
36.9684323,37.5127116,229,2.5,0.5,SacÄ±r Suyu,river,212.2,Clay-Loamy,7.1,1.8,medium-high,650,2950,18.5,Mediterranean,orchard,,OpenStreetMap,83,"very close to water, low slope, low elevation, good soil, ideal precipitation, existing agricultural land",ğŸ’§ Water: 0.5km (SacÄ±r Suyu) - EXCELLENT | ğŸ“ Slope: 2.5% - EXCELLENT | â›°ï¸ Elevation: 229m - EXCELLENT | ğŸ™ï¸ Urban: 212.2km - FAR | ğŸŒ± Soil: Clay-Loamy (pH:7.1) - GOOD | ğŸŒ§ï¸ Precipitation: 650mm - EXCELLENT | â˜€ï¸ Sunshine: 2950 hours - INSUFFICIENT | ğŸï¸ Landcover: orchard - BONUS,HIGHLY PRODUCTIVE
37.6152714,40.4731273,988,9.0,2.3,Unnamed,stream,538.9,Loamy-Sandy,6.5,1.2,medium,380,2650,11.2,Continental,orchard,,OpenStreetMap,74,"very close to water, medium slope, medium elevation, medium soil, suitable precipitation, ideal sunshine, existing agricultural land",ğŸ’§ Water: 2.3km (Unnamed) - EXCELLENT | ğŸ“ Slope: 9.0% - GOOD | â›°ï¸ Elevation: 988m - GOOD | ğŸ™ï¸ Urban: 538.9km - FAR | ğŸŒ± Soil: Loamy-Sandy (pH:6.5) - MEDIUM | ğŸŒ§ï¸ Precipitation: 380mm - GOOD | â˜€ï¸ Sunshine: 2650 hours - EXCELLENT | ğŸï¸ Landcover: orchard - BONUS,PRODUCTIVE
36.7813653,37.6204412,257,2.8,0.6,Aynifar Deresi,stream,288.4,Clay-Loamy,7.1,1.8,medium-high,650,2950,18.5,Mediterranean,orchard,,OpenStreetMap,83,"very close to water, low slope, low elevation, good soil, ideal precipitation, existing agricultural land",ğŸ’§ Water: 0.6km (Aynifar Deresi) - EXCELLENT | ğŸ“ Slope: 2.8% - EXCELLENT | â›°ï¸ Elevation: 257m - EXCELLENT | ğŸ™ï¸ Urban: 288.4km - FAR | ğŸŒ± Soil: Clay-Loamy (pH:7.1) - GOOD | ğŸŒ§ï¸ Precipitation: 650mm - EXCELLENT | â˜€ï¸ Sunshine: 2950 hours - INSUFFICIENT | ğŸï¸ Landcover: orchard - BONUS,HIGHLY PRODUCTIVE
37.615791,40.4702626,943,7.4,2.0,GÃ¶ksu Deresi,stream,519.1,Loamy-Sandy,6.5,1.2,medium,380,2650,11.2,Continental,orchard,,OpenStreetMap,74,"very close to water, medium slope, medium elevation, medium soil, suitable precipitation, ideal sunshine, existing agricultural land",ğŸ’§ Water: 2.0km (GÃ¶ksu Deresi) - EXCELLENT | ğŸ“ Slope: 7.4% - GOOD | â›°ï¸ Elevation: 943m - GOOD | ğŸ™ï¸ Urban: 519.1km - FAR | ğŸŒ± Soil: Loamy-Sandy (pH:6.5) - MEDIUM | ğŸŒ§ï¸ Precipitation: 380mm - GOOD | â˜€ï¸ Sunshine: 2650 hours - EXCELLENT | ğŸï¸ Landcover: orchard - BONUS,PRODUCTIVE
37.1840774,40.9577216,892,5.4,1.3,Unnamed,stream,668.7,Loamy-Sandy,6.5,1.2,medium,380,2650,11.2,Continental,orchard,,OpenStreetMap,74,"very close to water, medium slope, medium elevation, medium soil, suitable precipitation, ideal sunshine, existing agricultural land",ğŸ’§ Water: 1.3km (Unnamed) - EXCELLENT | ğŸ“ Slope: 5.4% - GOOD | â›°ï¸ Elevation: 892m - GOOD | ğŸ™ï¸ Urban: 668.7km - FAR | ğŸŒ± Soil: Loamy-Sandy (pH:6.5) - MEDIUM | ğŸŒ§ï¸ Precipitation: 380mm - GOOD | â˜€ï¸ Sunshine: 2650 hours - EXCELLENT | ğŸï¸ Landcover: orchard - BONUS,PRODUCTIVE
37.1773607,40.9499258,862,9.8,0.6,Unnamed,stream,750.5,Loamy-Sandy,6.5,1.2,medium,380,2650,11.2,Continental,orchard,,OpenStreetMap,74,"very close to water, medium slope, medium elevation, medium soil, suitable precipitation, ideal sunshine, existing agricultural land",ğŸ’§ Water: 0.6km (Unnamed) - EXCELLENT | ğŸ“ Slope: 9.8% - GOOD | â›°ï¸ Elevation: 862m - GOOD | ğŸ™ï¸ Urban: 750.5km - FAR | ğŸŒ± Soil: Loamy-Sandy (pH:6.5) - MEDIUM | ğŸŒ§ï¸ Precipitation: 380mm - GOOD | â˜€ï¸ Sunshine: 2650 hours - EXCELLENT | ğŸï¸ Landcover: orchard - BONUS,PRODUCTIVE
37.6111377,40.4588956,894,6.8,2.1,GÃ¶ksu Deresi,stream,478.6,Loamy-Sandy,6.5,1.2,medium,380,2650,11.2,Continental,orchard,,OpenStreetMap,74,"very close to water, medium slope, medium elevation, medium soil, suitable precipitation, ideal sunshine, existing agricultural land",ğŸ’§ Water: 2.1km (GÃ¶ksu Deresi) - EXCELLENT | ğŸ“ Slope: 6.8% - GOOD | â›°ï¸ Elevation: 894m - GOOD | ğŸ™ï¸ Urban: 478.6km - FAR | ğŸŒ± Soil: Loamy-Sandy (pH:6.5) - MEDIUM | ğŸŒ§ï¸ Precipitation: 380mm - GOOD | â˜€ï¸ Sunshine: 2650 hours - EXCELLENT | ğŸï¸ Landcover: orchard - BONUS,PRODUCTIVE
37.1752085,40.9522361,907,6.8,0.2,Unnamed,stream,585.4,Loamy-Sandy,6.5,1.2,medium,380,2650,11.2,Continental,orchard,,OpenStreetMap,74,"very close to water, medium slope, medium elevation, medium soil, suitable precipitation, ideal sunshine, existing agricultural land",ğŸ’§ Water: 0.2km (Unnamed) - EXCELLENT | ğŸ“ Slope: 6.8% - GOOD | â›°ï¸ Elevation: 907m - GOOD | ğŸ™ï¸ Urban: 585.4km - FAR | ğŸŒ± Soil: Loamy-Sandy (pH:6.5) - MEDIUM | ğŸŒ§ï¸ Precipitation: 380mm - GOOD | â˜€ï¸ Sunshine: 2650 hours - EXCELLENT | ğŸï¸ Landcover: orchard - BONUS,PRODUCTIVE
37.1766109,40.9485706,1097,13.7,0.7,Unnamed,stream,717.3,Stony-Sandy,5.8,0.7,low,380,2650,11.2,Continental,orchard,,OpenStreetMap,63,"very close to water, high slope, medium elevation, suitable precipitation, ideal sunshine, existing agricultural land",ğŸ’§ Water: 0.7km (Unnamed) - EXCELLENT | ğŸ“ Slope: 13.7% - MEDIUM | â›°ï¸ Elevation: 1097m - GOOD | ğŸ™ï¸ Urban: 717.3km - FAR | ğŸŒ± Soil: Stony-Sandy (pH:5.8) - LOW | ğŸŒ§ï¸ Precipitation: 380mm - GOOD | â˜€ï¸ Sunshine: 2650 hours - EXCELLENT | ğŸï¸ Landcover: orchard - BONUS,MODERATELY PRODUCTIVE
37.3205272,41.5366846,876,9.4,0.3,Unnamed,lake,605.1,Loamy-Sandy,6.5,1.2,medium,380,2650,11.2,Continental,orchard,,OpenStreetMap,74,"very close to water, medium slope, medium elevation, medium soil, suitable precipitation, ideal sunshine, existing agricultural land",ğŸ’§ Water: 0.3km (Unnamed) - EXCELLENT | ğŸ“ Slope: 9.4% - GOOD | â›°ï¸ Elevation: 876m - GOOD | ğŸ™ï¸ Urban: 605.1km - FAR | ğŸŒ± Soil: Loamy-Sandy (pH:6.5) - MEDIUM | ğŸŒ§ï¸ Precipitation: 380mm - GOOD | â˜€ï¸ Sunshine: 2650 hours - EXCELLENT | ğŸï¸ Landcover: orchard - BONUS,PRODUCTIVE
37.321151,41.5390238,1029,10.2,0.1,Unnamed,lake,699.6,Stony-Sandy,5.8,0.7,low,380,2650,11.2,Continental,orchard,,OpenStreetMap,63,"very close to water, high slope, medium elevation, suitable precipitation, ideal sunshine, existing agricultural land",ğŸ’§ Water: 0.1km (Unnamed) - EXCELLENT | ğŸ“ Slope: 10.2% - MEDIUM | â›°ï¸ Elevation: 1029m - GOOD | ğŸ™ï¸ Urban: 699.6km - FAR | ğŸŒ± Soil: Stony-Sandy (pH:5.8) - LOW | ğŸŒ§ï¸ Precipitation: 380mm - GOOD | â˜€ï¸ Sunshine: 2650 hours - EXCELLENT | ğŸï¸ Landcover: orchard - BONUS,MODERATELY PRODUCTIVE
37.3221066,41.5397816,899,6.9,0.1,Unnamed,lake,714.2,Loamy-Sandy,6.5,1.2,medium,380,2650,11.2,Continental,farmland,,OpenStreetMap,74,"very close to water, medium slope, medium elevation, medium soil, suitable precipitation, ideal sunshine, existing agricultural land",ğŸ’§ Water: 0.1km (Unnamed) - EXCELLENT | ğŸ“ Slope: 6.9% - GOOD | â›°ï¸ Elevation: 899m - GOOD | ğŸ™ï¸ Urban: 714.2km - FAR | ğŸŒ± Soil: Loamy-Sandy (pH:6.5) - MEDIUM | ğŸŒ§ï¸ Precipitation: 380mm - GOOD | â˜€ï¸ Sunshine: 2650 hours - EXCELLENT | ğŸï¸ Landcover: farmland - BONUS,PRODUCTIVE
37.6396067,40.9009811,1103,9.1,1.1,Savur Ã‡ayÄ±,stream,740.0,Stony-Sandy,5.8,0.7,low,380,2650,11.2,Continental,farmland,,OpenStreetMap,70,"very close to water, medium slope, medium elevation, suitable precipitation, ideal sunshine, existing agricultural land",ğŸ’§ Water: 1.1km (Savur Ã‡ayÄ±) - EXCELLENT | ğŸ“ Slope: 9.1% - GOOD | â›°ï¸ Elevation: 1103m - GOOD | ğŸ™ï¸ Urban: 740.0km - FAR | ğŸŒ± Soil: Stony-Sandy (pH:5.8) - LOW | ğŸŒ§ï¸ Precipitation: 380mm - GOOD | â˜€ï¸ Sunshine: 2650 hours - EXCELLENT | ğŸï¸ Landcover: farmland - BONUS,PRODUCTIVE
37.3222862,41.5374731,1173,11.9,0.2,Unnamed,lake,805.5,Stony-Sandy,5.8,0.7,low,380,2650,11.2,Continental,farmland,,OpenStreetMap,63,"very close to water, high slope, medium elevation, suitable precipitation, ideal sunshine, existing agricultural land",ğŸ’§ Water: 0.2km (Unnamed) - EXCELLENT | ğŸ“ Slope: 11.9% - MEDIUM | â›°ï¸ Elevation: 1173m - GOOD | ğŸ™ï¸ Urban: 805.5km - FAR | ğŸŒ± Soil: Stony-Sandy (pH:5.8) - LOW | ğŸŒ§ï¸ Precipitation: 380mm - GOOD | â˜€ï¸ Sunshine: 2650 hours - EXCELLENT | ğŸï¸ Landcover: farmland - BONUS,MODERATELY PRODUCTIVE
37.3186572,41.5411983,1063,10.4,0.5,Unnamed,lake,755.9,Stony-Sandy,5.8,0.7,low,380,2650,11.2,Continental,farmland,,OpenStreetMap,63,"very close to water, high slope, medium elevation, suitable precipitation, ideal sunshine, existing agricultural land",ğŸ’§ Water: 0.5km (Unnamed) - EXCELLENT | ğŸ“ Slope: 10.4% - MEDIUM | â›°ï¸ Elevation: 1063m - GOOD | ğŸ™ï¸ Urban: 755.9km - FAR | ğŸŒ± Soil: Stony-Sandy (pH:5.8) - LOW | ğŸŒ§ï¸ Precipitation: 380mm - GOOD | â˜€ï¸ Sunshine: 2650 hours - EXCELLENT | ğŸï¸ Landcover: farmland - BONUS,MODERATELY PRODUCTIVE
37.3212563,41.5427682,1015,9.3,0.4,Unnamed,lake,767.2,Stony-Sandy,5.8,0.7,low,380,2650,11.2,Continental,farmland,,OpenStreetMap,70,"very close to water, medium slope, medium elevation, suitable precipitation, ideal sunshine, existing agricultural land",ğŸ’§ Water: 0.4km (Unnamed) - EXCELLENT | ğŸ“ Slope: 9.3% - GOOD | â›°ï¸ Elevation: 1015m - GOOD | ğŸ™ï¸ Urban: 767.2km - FAR | ğŸŒ± Soil: Stony-Sandy (pH:5.8) - LOW | ğŸŒ§ï¸ Precipitation: 380mm - GOOD | â˜€ï¸ Sunshine: 2650 hours - EXCELLENT | ğŸï¸ Landcover: farmland - BONUS,PRODUCTIVE
37.3179871,41.5436433,1066,10.0,0.7,Unnamed,lake,632.3,Stony-Sandy,5.8,0.7,low,380,2650,11.2,Continental,farmland,,OpenStreetMap,70,"very close to water, medium slope, medium elevation, suitable precipitation, ideal sunshine, existing agricultural land",ğŸ’§ Water: 0.7km (Unnamed) - EXCELLENT | ğŸ“ Slope: 10.0% - GOOD | â›°ï¸ Elevation: 1066m - GOOD | ğŸ™ï¸ Urban: 632.3km - FAR | ğŸŒ± Soil: Stony-Sandy (pH:5.8) - LOW | ğŸŒ§ï¸ Precipitation: 380mm - GOOD | â˜€ï¸ Sunshine: 2650 hours - EXCELLENT | ğŸï¸ Landcover: farmland - BONUS,PRODUCTIVE
37.3168222,41.5444272,1182,13.2,0.9,Unnamed,lake,609.3,Stony-Sandy,5.8,0.7,low,380,2650,11.2,Continental,farmland,,OpenStreetMap,63,"very close to water, high slope, medium elevation, suitable precipitation, ideal sunshine, existing agricultural land",ğŸ’§ Water: 0.9km (Unnamed) - EXCELLENT | ğŸ“ Slope: 13.2% - MEDIUM | â›°ï¸ Elevation: 1182m - GOOD | ğŸ™ï¸ Urban: 609.3km - FAR | ğŸŒ± Soil: Stony-Sandy (pH:5.8) - LOW | ğŸŒ§ï¸ Precipitation: 380mm - GOOD | â˜€ï¸ Sunshine: 2650 hours - EXCELLENT | ğŸï¸ Landcover: farmland - BONUS,MODERATELY PRODUCTIVE
37.2763404,41.4780058,930,6.8,1.3,Unnamed,lake,557.8,Loamy-Sandy,6.5,1.2,medium,380,2650,11.2,Continental,farmland,,OpenStreetMap,74,"very close to water, medium slope, medium elevation, medium soil, suitable precipitation, ideal sunshine, existing agricultural land",ğŸ’§ Water: 1.3km (Unnamed) - EXCELLENT | ğŸ“ Slope: 6.8% - GOOD | â›°ï¸ Elevation: 930m - GOOD | ğŸ™ï¸ Urban: 557.8km - FAR | ğŸŒ± Soil: Loamy-Sandy (pH:6.5) - MEDIUM | ğŸŒ§ï¸ Precipitation: 380mm - GOOD | â˜€ï¸ Sunshine: 2650 hours - EXCELLENT | ğŸï¸ Landcover: farmland - BONUS,PRODUCTIVE
37.3199727,41.5448155,1063,11.7,0.7,Unnamed,lake,610.8,Stony-Sandy,5.8,0.7,low,380,2650,11.2,Continental,farmland,,OpenStreetMap,63,"very close to water, high slope, medium elevation, suitable precipitation, ideal sunshine, existing agricultural land",ğŸ’§ Water: 0.7km (Unnamed) - EXCELLENT | ğŸ“ Slope: 11.7% - MEDIUM | â›°ï¸ Elevation: 1063m - GOOD | ğŸ™ï¸ Urban: 610.8km - FAR | ğŸŒ± Soil: Stony-Sandy (pH:5.8) - LOW | ğŸŒ§ï¸ Precipitation: 380mm - GOOD | â˜€ï¸ Sunshine: 2650 hours - EXCELLENT | ğŸï¸ Landcover: farmland - BONUS,MODERATELY PRODUCTIVE
37.3188272,41.5410241,911,5.6,0.4,Unnamed,lake,594.8,Loamy-Sandy,6.5,1.2,medium,380,2650,11.2,Continental,farmland,,OpenStreetMap,74,"very close to water, medium slope, medium elevation, medium soil, suitable precipitation, ideal sunshine, existing agricultural land",ğŸ’§ Water: 0.4km (Unnamed) - EXCELLENT | ğŸ“ Slope: 5.6% - GOOD | â›°ï¸ Elevation: 911m - GOOD | ğŸ™ï¸ Urban: 594.8km - FAR | ğŸŒ± Soil: Loamy-Sandy (pH:6.5) - MEDIUM | ğŸŒ§ï¸ Precipitation: 380mm - GOOD | â˜€ï¸ Sunshine: 2650 hours - EXCELLENT | ğŸï¸ Landcover: farmland - BONUS,PRODUCTIVE
37.2791242,41.4774946,960,5.2,1.5,Unnamed,lake,565.3,Loamy-Sandy,6.5,1.2,medium,380,2650,11.2,Continental,farmland,,OpenStreetMap,74,"very close to water, medium slope, medium elevation, medium soil, suitable precipitation, ideal sunshine, existing agricultural land",ğŸ’§ Water: 1.5km (Unnamed) - EXCELLENT | ğŸ“ Slope: 5.2% - GOOD | â›°ï¸ Elevation: 960m - GOOD | ğŸ™ï¸ Urban: 565.3km - FAR | ğŸŒ± Soil: Loamy-Sandy (pH:6.5) - MEDIUM | ğŸŒ§ï¸ Precipitation: 380mm - GOOD | â˜€ï¸ Sunshine: 2650 hours - EXCELLENT | ğŸï¸ Landcover: farmland - BONUS,PRODUCTIVE
37.3181798,41.5423908,908,5.1,0.6,Unnamed,lake,622.2,Loamy-Sandy,6.5,1.2,medium,380,2650,11.2,Continental,farmland,,OpenStreetMap,74,"very close to water, medium slope, medium elevation, medium soil, suitable precipitation, ideal sunshine, existing agricultural land",ğŸ’§ Water: 0.6km (Unnamed) - EXCELLENT | ğŸ“ Slope: 5.1% - GOOD | â›°ï¸ Elevation: 908m - GOOD | ğŸ™ï¸ Urban: 622.2km - FAR | ğŸŒ± Soil: Loamy-Sandy (pH:6.5) - MEDIUM | ğŸŒ§ï¸ Precipitation: 380mm - GOOD | â˜€ï¸ Sunshine: 2650 hours - EXCELLENT | ğŸï¸ Landcover: farmland - BONUS,PRODUCTIVE
37.3203788,41.5417331,1063,11.5,0.4,Unnamed,lake,668.3,Stony-Sandy,5.8,0.7,low,380,2650,11.2,Continental,farmland,,OpenStreetMap,63,"very close to water, high slope, medium elevation, suitable precipitation, ideal sunshine, existing agricultural land",ğŸ’§ Water: 0.4km (Unnamed) - EXCELLENT | ğŸ“ Slope: 11.5% - MEDIUM | â›°ï¸ Elevation: 1063m - GOOD | ğŸ™ï¸ Urban: 668.3km - FAR | ğŸŒ± Soil: Stony-Sandy (pH:5.8) - LOW | ğŸŒ§ï¸ Precipitation: 380mm - GOOD | â˜€ï¸ Sunshine: 2650 hours - EXCELLENT | ğŸï¸ Landcover: farmland - BONUS,MODERATELY PRODUCTIVE
37.3207072,41.5462528,966,7.6,0.8,Unnamed,lake,763.6,Loamy-Sandy,6.5,1.2,medium,380,2650,11.2,Continental,orchard,,OpenStreetMap,74,"very close to water, medium slope, medium elevation, medium soil, suitable precipitation, ideal sunshine, existing agricultural land",ğŸ’§ Water: 0.8km (Unnamed) - EXCELLENT | ğŸ“ Slope: 7.6% - GOOD | â›°ï¸ Elevation: 966m - GOOD | ğŸ™ï¸ Urban: 763.6km - FAR | ğŸŒ± Soil: Loamy-Sandy (pH:6.5) - MEDIUM | ğŸŒ§ï¸ Precipitation: 380mm - GOOD | â˜€ï¸ Sunshine: 2650 hours - EXCELLENT | ğŸï¸ Landcover: orchard - BONUS,PRODUCTIVE
37.281093,41.4767326,830,9.9,1.8,Unnamed,lake,799.7,Loamy-Sandy,6.5,1.2,medium,380,2650,11.2,Continental,farmland,,OpenStreetMap,74,"very close to water, medium slope, medium elevation, medium soil, suitable precipitation, ideal sunshine, existing agricultural land",ğŸ’§ Water: 1.8km (Unnamed) - EXCELLENT | ğŸ“ Slope: 9.9% - GOOD | â›°ï¸ Elevation: 830m - GOOD | ğŸ™ï¸ Urban: 799.7km - FAR | ğŸŒ± Soil: Loamy-Sandy (pH:6.5) - MEDIUM | ğŸŒ§ï¸ Precipitation: 380mm - GOOD | â˜€ï¸ Sunshine: 2650 hours - EXCELLENT | ğŸï¸ Landcover: farmland - BONUS,PRODUCTIVE
37.2779583,41.4872759,1000,13.5,1.0,Unnamed,lake,803.1,Stony-Sandy,5.8,0.7,low,380,2650,11.2,Continental,farmland,,OpenStreetMap,63,"very close to water, high slope, medium elevation, suitable precipitation, ideal sunshine, existing agricultural land",ğŸ’§ Water: 1.0km (Unnamed) - EXCELLENT | ğŸ“ Slope: 13.5% - MEDIUM | â›°ï¸ Elevation: 1000m - GOOD | ğŸ™ï¸ Urban: 803.1km - FAR | ğŸŒ± Soil: Stony-Sandy (pH:5.8) - LOW | ğŸŒ§ï¸ Precipitation: 380mm - GOOD | â˜€ï¸ Sunshine: 2650 hours - EXCELLENT | ğŸï¸ Landcover: farmland - BONUS,MODERATELY PRODUCTIVE
37.2787588,41.477665,812,5.7,1.5,Unnamed,lake,639.9,Loamy-Sandy,6.5,1.2,medium,380,2650,11.2,Continental,farmland,,OpenStreetMap,74,"very close to water, medium slope, medium elevation, medium soil, suitable precipitation, ideal sunshine, existing agricultural land",ğŸ’§ Water: 1.5km (Unnamed) - EXCELLENT | ğŸ“ Slope: 5.7% - GOOD | â›°ï¸ Elevation: 812m - GOOD | ğŸ™ï¸ Urban: 639.9km - FAR | ğŸŒ± Soil: Loamy-Sandy (pH:6.5) - MEDIUM | ğŸŒ§ï¸ Precipitation: 380mm - GOOD | â˜€ï¸ Sunshine: 2650 hours - EXCELLENT | ğŸï¸ Landcover: farmland - BONUS,PRODUCTIVE
37.321224,41.5441579,910,9.0,0.6,Unnamed,lake,737.3,Loamy-Sandy,6.5,1.2,medium,380,2650,11.2,Continental,farmland,,OpenStreetMap,74,"very close to water, medium slope, medium elevation, medium soil, suitable precipitation, ideal sunshine, existing agricultural land",ğŸ’§ Water: 0.6km (Unnamed) - EXCELLENT | ğŸ“ Slope: 9.0% - GOOD | â›°ï¸ Elevation: 910m - GOOD | ğŸ™ï¸ Urban: 737.3km - FAR | ğŸŒ± Soil: Loamy-Sandy (pH:6.5) - MEDIUM | ğŸŒ§ï¸ Precipitation: 380mm - GOOD | â˜€ï¸ Sunshine: 2650 hours - EXCELLENT | ğŸï¸ Landcover: farmland - BONUS,PRODUCTIVE
37.2766292,41.4780964,1109,9.9,1.3,Unnamed,lake,811.5,Stony-Sandy,5.8,0.7,low,380,2650,11.2,Continental,farmland,,OpenStreetMap,70,"very close to water, medium slope, medium elevation, suitable precipitation, ideal sunshine, existing agricultural land",ğŸ’§ Water: 1.3km (Unnamed) - EXCELLENT | ğŸ“ Slope: 9.9% - GOOD | â›°ï¸ Elevation: 1109m - GOOD | ğŸ™ï¸ Urban: 811.5km - FAR | ğŸŒ± Soil: Stony-Sandy (pH:5.8) - LOW | ğŸŒ§ï¸ Precipitation: 380mm - GOOD | â˜€ï¸ Sunshine: 2650 hours - EXCELLENT | ğŸï¸ Landcover: farmland - BONUS,PRODUCTIVE
37.3149869,41.5494707,949,8.7,1.4,Unnamed,lake,631.0,Loamy-Sandy,6.5,1.2,medium,380,2650,11.2,Continental,farmland,,OpenStreetMap,74,"very close to water, medium slope, medium elevation, medium soil, suitable precipitation, ideal sunshine, existing agricultural land",ğŸ’§ Water: 1.4km (Unnamed) - EXCELLENT | ğŸ“ Slope: 8.7% - GOOD | â›°ï¸ Elevation: 949m - GOOD | ğŸ™ï¸ Urban: 631.0km - FAR | ğŸŒ± Soil: Loamy-Sandy (pH:6.5) - MEDIUM | ğŸŒ§ï¸ Precipitation: 380mm - GOOD | â˜€ï¸ Sunshine: 2650 hours - EXCELLENT | ğŸï¸ Landcover: farmland - BONUS,PRODUCTIVE
37.2796786,41.4771463,1182,8.2,1.6,Unnamed,lake,770.0,Stony-Sandy,5.8,0.7,low,380,2650,11.2,Continental,farmland,,OpenStreetMap,70,"very close to water, medium slope, medium elevation, suitable precipitation, ideal sunshine, existing agricultural land",ğŸ’§ Water: 1.6km (Unnamed) - EXCELLENT | ğŸ“ Slope: 8.2% - GOOD | â›°ï¸ Elevation: 1182m - GOOD | ğŸ™ï¸ Urban: 770.0km - FAR | ğŸŒ± Soil: Stony-Sandy (pH:5.8) - LOW | ğŸŒ§ï¸ Precipitation: 380mm - GOOD | â˜€ï¸ Sunshine: 2650 hours - EXCELLENT | ğŸï¸ Landcover: farmland - BONUS,PRODUCTIVE
37.3173474,41.5447266,940,5.1,0.8,Unnamed,lake,590.1,Loamy-Sandy,6.5,1.2,medium,380,2650,11.2,Continental,farmland,,OpenStreetMap,74,"very close to water, medium slope, medium elevation, medium soil, suitable precipitation, ideal sunshine, existing agricultural land",ğŸ’§ Water: 0.8km (Unnamed) - EXCELLENT | ğŸ“ Slope: 5.1% - GOOD | â›°ï¸ Elevation: 940m - GOOD | ğŸ™ï¸ Urban: 590.1km - FAR | ğŸŒ± Soil: Loamy-Sandy (pH:6.5) - MEDIUM | ğŸŒ§ï¸ Precipitation: 380mm - GOOD | â˜€ï¸ Sunshine: 2650 hours - EXCELLENT | ğŸï¸ Landcover: farmland - BONUS,PRODUCTIVE
37.3208593,41.5443935,933,6.1,0.6,Unnamed,lake,608.3,Loamy-Sandy,6.5,1.2,medium,380,2650,11.2,Continental,farmland,,OpenStreetMap,74,"very close to water, medium slope, medium elevation, medium soil, suitable precipitation, ideal sunshine, existing agricultural land",ğŸ’§ Water: 0.6km (Unnamed) - EXCELLENT | ğŸ“ Slope: 6.1% - GOOD | â›°ï¸ Elevation: 933m - GOOD | ğŸ™ï¸ Urban: 608.3km - FAR | ğŸŒ± Soil: Loamy-Sandy (pH:6.5) - MEDIUM | ğŸŒ§ï¸ Precipitation: 380mm - GOOD | â˜€ï¸ Sunshine: 2650 hours - EXCELLENT | ğŸï¸ Landcover: farmland - BONUS,PRODUCTIVE
37.2761311,41.4780115,1081,11.1,1.3,Unnamed,lake,720.8,Stony-Sandy,5.8,0.7,low,380,2650,11.2,Continental,farmland,,OpenStreetMap,63,"very close to water, high slope, medium elevation, suitable precipitation, ideal sunshine, existing agricultural land",ğŸ’§ Water: 1.3km (Unnamed) - EXCELLENT | ğŸ“ Slope: 11.1% - MEDIUM | â›°ï¸ Elevation: 1081m - GOOD | ğŸ™ï¸ Urban: 720.8km - FAR | ğŸŒ± Soil: Stony-Sandy (pH:5.8) - LOW | ğŸŒ§ï¸ Precipitation: 380mm - GOOD | â˜€ï¸ Sunshine: 2650 hours - EXCELLENT | ğŸï¸ Landcover: farmland - BONUS,MODERATELY PRODUCTIVE
37.3214033,41.5439223,1109,10.7,0.6,Unnamed,lake,806.4,Stony-Sandy,5.8,0.7,low,380,2650,11.2,Continental,farmland,,OpenStreetMap,63,"very close to water, high slope, medium elevation, suitable precipitation, ideal sunshine, existing agricultural land",ğŸ’§ Water: 0.6km (Unnamed) - EXCELLENT | ğŸ“ Slope: 10.7% - MEDIUM | â›°ï¸ Elevation: 1109m - GOOD | ğŸ™ï¸ Urban: 806.4km - FAR | ğŸŒ± Soil: Stony-Sandy (pH:5.8) - LOW | ğŸŒ§ï¸ Precipitation: 380mm - GOOD | â˜€ï¸ Sunshine: 2650 hours - EXCELLENT | ğŸï¸ Landcover: farmland - BONUS,MODERATELY PRODUCTIVE
37.3217164,41.547479,1107,14.9,1.0,Unnamed,lake,816.9,Stony-Sandy,5.8,0.7,low,380,2650,11.2,Continental,farmland,,OpenStreetMap,63,"very close to water, high slope, medium elevation, suitable precipitation, ideal sunshine, existing agricultural land",ğŸ’§ Water: 1.0km (Unnamed) - EXCELLENT | ğŸ“ Slope: 14.9% - MEDIUM | â›°ï¸ Elevation: 1107m - GOOD | ğŸ™ï¸ Urban: 816.9km - FAR | ğŸŒ± Soil: Stony-Sandy (pH:5.8) - LOW | ğŸŒ§ï¸ Precipitation: 380mm - GOOD | â˜€ï¸ Sunshine: 2650 hours - EXCELLENT | ğŸï¸ Landcover: farmland - BONUS,MODERATELY PRODUCTIVE
37.317763,41.5444732,956,9.7,0.8,Unnamed,lake,742.3,Loamy-Sandy,6.5,1.2,medium,380,2650,11.2,Continental,farmland,,OpenStreetMap,74,"very close to water, medium slope, medium elevation, medium soil, suitable precipitation, ideal sunshine, existing agricultural land",ğŸ’§ Water: 0.8km (Unnamed) - EXCELLENT | ğŸ“ Slope: 9.7% - GOOD | â›°ï¸ Elevation: 956m - GOOD | ğŸ™ï¸ Urban: 742.3km - FAR | ğŸŒ± Soil: Loamy-Sandy (pH:6.5) - MEDIUM | ğŸŒ§ï¸ Precipitation: 380mm - GOOD | â˜€ï¸ Sunshine: 2650 hours - EXCELLENT | ğŸï¸ Landcover: farmland - BONUS,PRODUCTIVE
37.2751776,41.4786503,961,5.8,1.2,Unnamed,lake,620.4,Loamy-Sandy,6.5,1.2,medium,380,2650,11.2,Continental,farmland,,OpenStreetMap,74,"very close to water, medium slope, medium elevation, medium soil, suitable precipitation, ideal sunshine, existing agricultural land",ğŸ’§ Water: 1.2km (Unnamed) - EXCELLENT | ğŸ“ Slope: 5.8% - GOOD | â›°ï¸ Elevation: 961m - GOOD | ğŸ™ï¸ Urban: 620.4km - FAR | ğŸŒ± Soil: Loamy-Sandy (pH:6.5) - MEDIUM | ğŸŒ§ï¸ Precipitation: 380mm - GOOD | â˜€ï¸ Sunshine: 2650 hours - EXCELLENT | ğŸï¸ Landcover: farmland - BONUS,PRODUCTIVE
37.2806977,41.4766645,1099,14.6,1.7,Unnamed,lake,657.5,Stony-Sandy,5.8,0.7,low,380,2650,11.2,Continental,farmland,,OpenStreetMap,63,"very close to water, high slope, medium elevation, suitable precipitation, ideal sunshine, existing agricultural land",ğŸ’§ Water: 1.7km (Unnamed) - EXCELLENT | ğŸ“ Slope: 14.6% - MEDIUM | â›°ï¸ Elevation: 1099m - GOOD | ğŸ™ï¸ Urban: 657.5km - FAR | ğŸŒ± Soil: Stony-Sandy (pH:5.8) - LOW | ğŸŒ§ï¸ Precipitation: 380mm - GOOD | â˜€ï¸ Sunshine: 2650 hours - EXCELLENT | ğŸï¸ Landcover: farmland - BONUS,MODERATELY PRODUCTIVE
37.3192494,41.5411063,963,8.7,0.4,Unnamed,lake,825.7,Loamy-Sandy,6.5,1.2,medium,380,2650,11.2,Continental,farmland,,OpenStreetMap,74,"very close to water, medium slope, medium elevation, medium soil, suitable precipitation, ideal sunshine, existing agricultural land",ğŸ’§ Water: 0.4km (Unnamed) - EXCELLENT | ğŸ“ Slope: 8.7% - GOOD | â›°ï¸ Elevation: 963m - GOOD | ğŸ™ï¸ Urban: 825.7km - FAR | ğŸŒ± Soil: Loamy-Sandy (pH:6.5) - MEDIUM | ğŸŒ§ï¸ Precipitation: 380mm - GOOD | â˜€ï¸ Sunshine: 2650 hours - EXCELLENT | ğŸï¸ Landcover: farmland - BONUS,PRODUCTIVE
37.2753209,41.4880294,951,7.2,0.7,Unnamed,lake,700.7,Loamy-Sandy,6.5,1.2,medium,380,2650,11.2,Continental,farmland,,OpenStreetMap,74,"very close to water, medium slope, medium elevation, medium soil, suitable precipitation, ideal sunshine, existing agricultural land",ğŸ’§ Water: 0.7km (Unnamed) - EXCELLENT | ğŸ“ Slope: 7.2% - GOOD | â›°ï¸ Elevation: 951m - GOOD | ğŸ™ï¸ Urban: 700.7km - FAR | ğŸŒ± Soil: Loamy-Sandy (pH:6.5) - MEDIUM | ğŸŒ§ï¸ Precipitation: 380mm - GOOD | â˜€ï¸ Sunshine: 2650 hours - EXCELLENT | ğŸï¸ Landcover: farmland - BONUS,PRODUCTIVE
37.318263,41.541903,1117,13.1,0.5,Unnamed,lake,610.1,Stony-Sandy,5.8,0.7,low,380,2650,11.2,Continental,farmland,,OpenStreetMap,63,"very close to water, high slope, medium elevation, suitable precipitation, ideal sunshine, existing agricultural land",ğŸ’§ Water: 0.5km (Unnamed) - EXCELLENT | ğŸ“ Slope: 13.1% - MEDIUM | â›°ï¸ Elevation: 1117m - GOOD | ğŸ™ï¸ Urban: 610.1km - FAR | ğŸŒ± Soil: Stony-Sandy (pH:5.8) - LOW | ğŸŒ§ï¸ Precipitation: 380mm - GOOD | â˜€ï¸ Sunshine: 2650 hours - EXCELLENT | ğŸï¸ Landcover: farmland - BONUS,MODERATELY PRODUCTIVE
37.2777704,41.4870091,964,7.4,0.9,Unnamed,lake,664.8,Loamy-Sandy,6.5,1.2,medium,380,2650,11.2,Continental,farmland,,OpenStreetMap,74,"very close to water, medium slope, medium elevation, medium soil, suitable precipitation, ideal sunshine, existing agricultural land",ğŸ’§ Water: 0.9km (Unnamed) - EXCELLENT | ğŸ“ Slope: 7.4% - GOOD | â›°ï¸ Elevation: 964m - GOOD | ğŸ™ï¸ Urban: 664.8km - FAR | ğŸŒ± Soil: Loamy-Sandy (pH:6.5) - MEDIUM | ğŸŒ§ï¸ Precipitation: 380mm - GOOD | â˜€ï¸ Sunshine: 2650 hours - EXCELLENT | ğŸï¸ Landcover: farmland - BONUS,PRODUCTIVE
37.3202638,41.5445481,862,8.5,0.7,Unnamed,lake,613.9,Loamy-Sandy,6.5,1.2,medium,380,2650,11.2,Continental,farmland,,OpenStreetMap,74,"very close to water, medium slope, medium elevation, medium soil, suitable precipitation, ideal sunshine, existing agricultural land",ğŸ’§ Water: 0.7km (Unnamed) - EXCELLENT | ğŸ“ Slope: 8.5% - GOOD | â›°ï¸ Elevation: 862m - GOOD | ğŸ™ï¸ Urban: 613.9km - FAR | ğŸŒ± Soil: Loamy-Sandy (pH:6.5) - MEDIUM | ğŸŒ§ï¸ Precipitation: 380mm - GOOD | â˜€ï¸ Sunshine: 2650 hours - EXCELLENT | ğŸï¸ Landcover: farmland - BONUS,PRODUCTIVE
37.3196664,41.5412801,873,9.9,0.4,Unnamed,lake,756.7,Loamy-Sandy,6.5,1.2,medium,380,2650,11.2,Continental,farmland,,OpenStreetMap,74,"very close to water, medium slope, medium elevation, medium soil, suitable precipitation, ideal sunshine, existing agricultural land",ğŸ’§ Water: 0.4km (Unnamed) - EXCELLENT | ğŸ“ Slope: 9.9% - GOOD | â›°ï¸ Elevation: 873m - GOOD | ğŸ™ï¸ Urban: 756.7km - FAR | ğŸŒ± Soil: Loamy-Sandy (pH:6.5) - MEDIUM | ğŸŒ§ï¸ Precipitation: 380mm - GOOD | â˜€ï¸ Sunshine: 2650 hours - EXCELLENT | ğŸï¸ Landcover: farmland - BONUS,PRODUCTIVE
37.3185577,41.5413677,833,8.9,0.5,Unnamed,lake,731.2,Loamy-Sandy,6.5,1.2,medium,380,2650,11.2,Continental,farmland,,OpenStreetMap,74,"very close to water, medium slope, medium elevation, medium soil, suitable precipitation, ideal sunshine, existing agricultural land",ğŸ’§ Water: 0.5km (Unnamed) - EXCELLENT | ğŸ“ Slope: 8.9% - GOOD | â›°ï¸ Elevation: 833m - GOOD | ğŸ™ï¸ Urban: 731.2km - FAR | ğŸŒ± Soil: Loamy-Sandy (pH:6.5) - MEDIUM | ğŸŒ§ï¸ Precipitation: 380mm - GOOD | â˜€ï¸ Sunshine: 2650 hours - EXCELLENT | ğŸï¸ Landcover: farmland - BONUS,PRODUCTIVE
37.2752702,41.4785083,986,9.3,1.2,Unnamed,lake,565.0,Loamy-Sandy,6.5,1.2,medium,380,2650,11.2,Continental,farmland,,OpenStreetMap,74,"very close to water, medium slope, medium elevation, medium soil, suitable precipitation, ideal sunshine, existing agricultural land",ğŸ’§ Water: 1.2km (Unnamed) - EXCELLENT | ğŸ“ Slope: 9.3% - GOOD | â›°ï¸ Elevation: 986m - GOOD | ğŸ™ï¸ Urban: 565.0km - FAR | ğŸŒ± Soil: Loamy-Sandy (pH:6.5) - MEDIUM | ğŸŒ§ï¸ Precipitation: 380mm - GOOD | â˜€ï¸ Sunshine: 2650 hours - EXCELLENT | ğŸï¸ Landcover: farmland - BONUS,PRODUCTIVE
37.3201461,41.5415418,921,6.3,0.4,Unnamed,lake,718.3,Loamy-Sandy,6.5,1.2,medium,380,2650,11.2,Continental,farmland,,OpenStreetMap,74,"very close to water, medium slope, medium elevation, medium soil, suitable precipitation, ideal sunshine, existing agricultural land",ğŸ’§ Water: 0.4km (Unnamed) - EXCELLENT | ğŸ“ Slope: 6.3% - GOOD | â›°ï¸ Elevation: 921m - GOOD | ğŸ™ï¸ Urban: 718.3km - FAR | ğŸŒ± Soil: Loamy-Sandy (pH:6.5) - MEDIUM | ğŸŒ§ï¸ Precipitation: 380mm - GOOD | â˜€ï¸ Sunshine: 2650 hours - EXCELLENT | ğŸï¸ Landcover: farmland - BONUS,PRODUCTIVE
37.2758318,41.4780946,807,8.1,1.3,Unnamed,lake,677.8,Loamy-Sandy,6.5,1.2,medium,380,2650,11.2,Continental,farmland,,OpenStreetMap,74,"very close to water, medium slope, medium elevation, medium soil, suitable precipitation, ideal sunshine, existing agricultural land",ğŸ’§ Water: 1.3km (Unnamed) - EXCELLENT | ğŸ“ Slope: 8.1% - GOOD | â›°ï¸ Elevation: 807m - GOOD | ğŸ™ï¸ Urban: 677.8km - FAR | ğŸŒ± Soil: Loamy-Sandy (pH:6.5) - MEDIUM | ğŸŒ§ï¸ Precipitation: 380mm - GOOD | â˜€ï¸ Sunshine: 2650 hours - EXCELLENT | ğŸï¸ Landcover: farmland - BONUS,PRODUCTIVE
37.3160678,41.5419505,845,7.9,0.8,Unnamed,lake,578.4,Loamy-Sandy,6.5,1.2,medium,380,2650,11.2,Continental,farmland,,OpenStreetMap,74,"very close to water, medium slope, medium elevation, medium soil, suitable precipitation, ideal sunshine, existing agricultural land",ğŸ’§ Water: 0.8km (Unnamed) - EXCELLENT | ğŸ“ Slope: 7.9% - GOOD | â›°ï¸ Elevation: 845m - GOOD | ğŸ™ï¸ Urban: 578.4km - FAR | ğŸŒ± Soil: Loamy-Sandy (pH:6.5) - MEDIUM | ğŸŒ§ï¸ Precipitation: 380mm - GOOD | â˜€ï¸ Sunshine: 2650 hours - EXCELLENT | ğŸï¸ Landcover: farmland - BONUS,PRODUCTIVE
37.2774287,41.4868304,1159,10.3,0.9,Unnamed,lake,709.5,Stony-Sandy,5.8,0.7,low,380,2650,11.2,Continental,farmland,,OpenStreetMap,63,"very close to water, high slope, medium elevation, suitable precipitation, ideal sunshine, existing agricultural land",ğŸ’§ Water: 0.9km (Unnamed) - EXCELLENT | ğŸ“ Slope: 10.3% - MEDIUM | â›°ï¸ Elevation: 1159m - GOOD | ğŸ™ï¸ Urban: 709.5km - FAR | ğŸŒ± Soil: Stony-Sandy (pH:5.8) - LOW | ğŸŒ§ï¸ Precipitation: 380mm - GOOD | â˜€ï¸ Sunshine: 2650 hours - EXCELLENT | ğŸï¸ Landcover: farmland - BONUS,MODERATELY PRODUCTIVE
37.2800771,41.4768731,836,6.7,1.7,Unnamed,lake,795.8,Loamy-Sandy,6.5,1.2,medium,380,2650,11.2,Continental,farmland,,OpenStreetMap,74,"very close to water, medium slope, medium elevation, medium soil, suitable precipitation, ideal sunshine, existing agricultural land",ğŸ’§ Water: 1.7km (Unnamed) - EXCELLENT | ğŸ“ Slope: 6.7% - GOOD | â›°ï¸ Elevation: 836m - GOOD | ğŸ™ï¸ Urban: 795.8km - FAR | ğŸŒ± Soil: Loamy-Sandy (pH:6.5) - MEDIUM | ğŸŒ§ï¸ Precipitation: 380mm - GOOD | â˜€ï¸ Sunshine: 2650 hours - EXCELLENT | ğŸï¸ Landcover: farmland - BONUS,PRODUCTIVE
37.3204836,41.5445443,900,8.2,0.7,Unnamed,lake,672.0,Loamy-Sandy,6.5,1.2,medium,380,2650,11.2,Continental,farmland,,OpenStreetMap,74,"very close to water, medium slope, medium elevation, medium soil, suitable precipitation, ideal sunshine, existing agricultural land",ğŸ’§ Water: 0.7km (Unnamed) - EXCELLENT | ğŸ“ Slope: 8.2% - GOOD | â›°ï¸ Elevation: 900m - GOOD | ğŸ™ï¸ Urban: 672.0km - FAR | ğŸŒ± Soil: Loamy-Sandy (pH:6.5) - MEDIUM | ğŸŒ§ï¸ Precipitation: 380mm - GOOD | â˜€ï¸ Sunshine: 2650 hours - EXCELLENT | ğŸï¸ Landcover: farmland - BONUS,PRODUCTIVE
37.2789068,41.4775778,829,9.9,1.5,Unnamed,lake,614.1,Loamy-Sandy,6.5,1.2,medium,380,2650,11.2,Continental,farmland,,OpenStreetMap,74,"very close to water, medium slope, medium elevation, medium soil, suitable precipitation, ideal sunshine, existing agricultural land",ğŸ’§ Water: 1.5km (Unnamed) - EXCELLENT | ğŸ“ Slope: 9.9% - GOOD | â›°ï¸ Elevation: 829m - GOOD | ğŸ™ï¸ Urban: 614.1km - FAR | ğŸŒ± Soil: Loamy-Sandy (pH:6.5) - MEDIUM | ğŸŒ§ï¸ Precipitation: 380mm - GOOD | â˜€ï¸ Sunshine: 2650 hours - EXCELLENT | ğŸï¸ Landcover: farmland - BONUS,PRODUCTIVE
37.3169897,41.5447377,1125,14.8,0.9,Unnamed,lake,732.7,Stony-Sandy,5.8,0.7,low,380,2650,11.2,Continental,farmland,,OpenStreetMap,63,"very close to water, high slope, medium elevation, suitable precipitation, ideal sunshine, existing agricultural land",ğŸ’§ Water: 0.9km (Unnamed) - EXCELLENT | ğŸ“ Slope: 14.8% - MEDIUM | â›°ï¸ Elevation: 1125m - GOOD | ğŸ™ï¸ Urban: 732.7km - FAR | ğŸŒ± Soil: Stony-Sandy (pH:5.8) - LOW | ğŸŒ§ï¸ Precipitation: 380mm - GOOD | â˜€ï¸ Sunshine: 2650 hours - EXCELLENT | ğŸï¸ Landcover: farmland - BONUS,MODERATELY PRODUCTIVE
37.3200019,41.5414772,936,8.0,0.4,Unnamed,lake,606.6,Loamy-Sandy,6.5,1.2,medium,380,2650,11.2,Continental,farmland,,OpenStreetMap,74,"very close to water, medium slope, medium elevation, medium soil, suitable precipitation, ideal sunshine, existing agricultural land",ğŸ’§ Water: 0.4km (Unnamed) - EXCELLENT | ğŸ“ Slope: 8.0% - GOOD | â›°ï¸ Elevation: 936m - GOOD | ğŸ™ï¸ Urban: 606.6km - FAR | ğŸŒ± Soil: Loamy-Sandy (pH:6.5) - MEDIUM | ğŸŒ§ï¸ Precipitation: 380mm - GOOD | â˜€ï¸ Sunshine: 2650 hours - EXCELLENT | ğŸï¸ Landcover: farmland - BONUS,PRODUCTIVE
37.3210266,41.5442909,1185,9.8,0.6,Unnamed,lake,762.2,Stony-Sandy,5.8,0.7,low,380,2650,11.2,Continental,farmland,,OpenStreetMap,70,"very close to water, medium slope, medium elevation, suitable precipitation, ideal sunshine, existing agricultural land",ğŸ’§ Water: 0.6km (Unnamed) - EXCELLENT | ğŸ“ Slope: 9.8% - GOOD | â›°ï¸ Elevation: 1185m - GOOD | ğŸ™ï¸ Urban: 762.2km - FAR | ğŸŒ± Soil: Stony-Sandy (pH:5.8) - LOW | ğŸŒ§ï¸ Precipitation: 380mm - GOOD | â˜€ï¸ Sunshine: 2650 hours - EXCELLENT | ğŸï¸ Landcover: farmland - BONUS,PRODUCTIVE
37.2784658,41.4777342,1113,14.9,1.5,Unnamed,lake,760.8,Stony-Sandy,5.8,0.7,low,380,2650,11.2,Continental,farmland,,OpenStreetMap,63,"very close to water, high slope, medium elevation, suitable precipitation, ideal sunshine, existing agricultural land",ğŸ’§ Water: 1.5km (Unnamed) - EXCELLENT | ğŸ“ Slope: 14.9% - MEDIUM | â›°ï¸ Elevation: 1113m - GOOD | ğŸ™ï¸ Urban: 760.8km - FAR | ğŸŒ± Soil: Stony-Sandy (pH:5.8) - LOW | ğŸŒ§ï¸ Precipitation: 380mm - GOOD | â˜€ï¸ Sunshine: 2650 hours - EXCELLENT | ğŸï¸ Landcover: farmland - BONUS,MODERATELY PRODUCTIVE
37.3184569,41.5416243,1168,13.9,0.5,Unnamed,lake,705.8,Stony-Sandy,5.8,0.7,low,380,2650,11.2,Continental,farmland,,OpenStreetMap,63,"very close to water, high slope, medium elevation, suitable precipitation, ideal sunshine, existing agricultural land",ğŸ’§ Water: 0.5km (Unnamed) - EXCELLENT | ğŸ“ Slope: 13.9% - MEDIUM | â›°ï¸ Elevation: 1168m - GOOD | ğŸ™ï¸ Urban: 705.8km - FAR | ğŸŒ± Soil: Stony-Sandy (pH:5.8) - LOW | ğŸŒ§ï¸ Precipitation: 380mm - GOOD | â˜€ï¸ Sunshine: 2650 hours - EXCELLENT | ğŸï¸ Landcover: farmland - BONUS,MODERATELY PRODUCTIVE
37.318064,41.5429926,977,5.3,0.6,Unnamed,lake,596.7,Loamy-Sandy,6.5,1.2,medium,380,2650,11.2,Continental,farmland,,OpenStreetMap,74,"very close to water, medium slope, medium elevation, medium soil, suitable precipitation, ideal sunshine, existing agricultural land",ğŸ’§ Water: 0.6km (Unnamed) - EXCELLENT | ğŸ“ Slope: 5.3% - GOOD | â›°ï¸ Elevation: 977m - GOOD | ğŸ™ï¸ Urban: 596.7km - FAR | ğŸŒ± Soil: Loamy-Sandy (pH:6.5) - MEDIUM | ğŸŒ§ï¸ Precipitation: 380mm - GOOD | â˜€ï¸ Sunshine: 2650 hours - EXCELLENT | ğŸï¸ Landcover: farmland - BONUS,PRODUCTIVE
37.2757065,41.4865464,1031,10.5,0.7,Unnamed,lake,599.8,Stony-Sandy,5.8,0.7,low,380,2650,11.2,Continental,farmland,,OpenStreetMap,63,"very close to water, high slope, medium elevation, suitable precipitation, ideal sunshine, existing agricultural land",ğŸ’§ Water: 0.7km (Unnamed) - EXCELLENT | ğŸ“ Slope: 10.5% - MEDIUM | â›°ï¸ Elevation: 1031m - GOOD | ğŸ™ï¸ Urban: 599.8km - FAR | ğŸŒ± Soil: Stony-Sandy (pH:5.8) - LOW | ğŸŒ§ï¸ Precipitation: 380mm - GOOD | â˜€ï¸ Sunshine: 2650 hours - EXCELLENT | ğŸï¸ Landcover: farmland - BONUS,MODERATELY PRODUCTIVE
37.3206437,41.5420359,834,6.5,0.4,Unnamed,lake,735.3,Loamy-Sandy,6.5,1.2,medium,380,2650,11.2,Continental,farmland,,OpenStreetMap,74,"very close to water, medium slope, medium elevation, medium soil, suitable precipitation, ideal sunshine, existing agricultural land",ğŸ’§ Water: 0.4km (Unnamed) - EXCELLENT | ğŸ“ Slope: 6.5% - GOOD | â›°ï¸ Elevation: 834m - GOOD | ğŸ™ï¸ Urban: 735.3km - FAR | ğŸŒ± Soil: Loamy-Sandy (pH:6.5) - MEDIUM | ğŸŒ§ï¸ Precipitation: 380mm - GOOD | â˜€ï¸ Sunshine: 2650 hours - EXCELLENT | ğŸï¸ Landcover: farmland - BONUS,PRODUCTIVE
37.2755058,41.4783342,830,5.5,1.2,Unnamed,lake,557.4,Loamy-Sandy,6.5,1.2,medium,380,2650,11.2,Continental,farmland,,OpenStreetMap,74,"very close to water, medium slope, medium elevation, medium soil, suitable precipitation, ideal sunshine, existing agricultural land",ğŸ’§ Water: 1.2km (Unnamed) - EXCELLENT | ğŸ“ Slope: 5.5% - GOOD | â›°ï¸ Elevation: 830m - GOOD | ğŸ™ï¸ Urban: 557.4km - FAR | ğŸŒ± Soil: Loamy-Sandy (pH:6.5) - MEDIUM | ğŸŒ§ï¸ Precipitation: 380mm - GOOD | â˜€ï¸ Sunshine: 2650 hours - EXCELLENT | ğŸï¸ Landcover: farmland - BONUS,PRODUCTIVE
37.2759877,41.4780352,1148,15.0,1.3,Unnamed,lake,779.1,Stony-Sandy,5.8,0.7,low,380,2650,11.2,Continental,farmland,,OpenStreetMap,63,"very close to water, high slope, medium elevation, suitable precipitation, ideal sunshine, existing agricultural land",ğŸ’§ Water: 1.3km (Unnamed) - EXCELLENT | ğŸ“ Slope: 15.0% - MEDIUM | â›°ï¸ Elevation: 1148m - GOOD | ğŸ™ï¸ Urban: 779.1km - FAR | ğŸŒ± Soil: Stony-Sandy (pH:5.8) - LOW | ğŸŒ§ï¸ Precipitation: 380mm - GOOD | â˜€ï¸ Sunshine: 2650 hours - EXCELLENT | ğŸï¸ Landcover: farmland - BONUS,MODERATELY PRODUCTIVE
37.319611,41.5452829,908,6.4,0.8,Unnamed,lake,779.0,Loamy-Sandy,6.5,1.2,medium,380,2650,11.2,Continental,farmland,,OpenStreetMap,74,"very close to water, medium slope, medium elevation, medium soil, suitable precipitation, ideal sunshine, existing agricultural land",ğŸ’§ Water: 0.8km (Unnamed) - EXCELLENT | ğŸ“ Slope: 6.4% - GOOD | â›°ï¸ Elevation: 908m - GOOD | ğŸ™ï¸ Urban: 779.0km - FAR | ğŸŒ± Soil: Loamy-Sandy (pH:6.5) - MEDIUM | ğŸŒ§ï¸ Precipitation: 380mm - GOOD | â˜€ï¸ Sunshine: 2650 hours - EXCELLENT | ğŸï¸ Landcover: farmland - BONUS,PRODUCTIVE
37.2774546,41.4778312,1136,9.7,1.4,Unnamed,lake,634.9,Stony-Sandy,5.8,0.7,low,380,2650,11.2,Continental,farmland,,OpenStreetMap,70,"very close to water, medium slope, medium elevation, suitable precipitation, ideal sunshine, existing agricultural land",ğŸ’§ Water: 1.4km (Unnamed) - EXCELLENT | ğŸ“ Slope: 9.7% - GOOD | â›°ï¸ Elevation: 1136m - GOOD | ğŸ™ï¸ Urban: 634.9km - FAR | ğŸŒ± Soil: Stony-Sandy (pH:5.8) - LOW | ğŸŒ§ï¸ Precipitation: 380mm - GOOD | â˜€ï¸ Sunshine: 2650 hours - EXCELLENT | ğŸï¸ Landcover: farmland - BONUS,PRODUCTIVE
37.3157214,41.5419189,1106,9.8,0.8,Unnamed,lake,678.0,Stony-Sandy,5.8,0.7,low,380,2650,11.2,Continental,farmland,,OpenStreetMap,70,"very close to water, medium slope, medium elevation, suitable precipitation, ideal sunshine, existing agricultural land",ğŸ’§ Water: 0.8km (Unnamed) - EXCELLENT | ğŸ“ Slope: 9.8% - GOOD | â›°ï¸ Elevation: 1106m - GOOD | ğŸ™ï¸ Urban: 678.0km - FAR | ğŸŒ± Soil: Stony-Sandy (pH:5.8) - LOW | ğŸŒ§ï¸ Precipitation: 380mm - GOOD | â˜€ï¸ Sunshine: 2650 hours - EXCELLENT | ğŸï¸ Landcover: farmland - BONUS,PRODUCTIVE
37.3206921,41.5445,1150,8.5,0.6,Unnamed,lake,596.1,Stony-Sandy,5.8,0.7,low,380,2650,11.2,Continental,farmland,,OpenStreetMap,70,"very close to water, medium slope, medium elevation, suitable precipitation, ideal sunshine, existing agricultural land",ğŸ’§ Water: 0.6km (Unnamed) - EXCELLENT | ğŸ“ Slope: 8.5% - GOOD | â›°ï¸ Elevation: 1150m - GOOD | ğŸ™ï¸ Urban: 596.1km - FAR | ğŸŒ± Soil: Stony-Sandy (pH:5.8) - LOW | ğŸŒ§ï¸ Precipitation: 380mm - GOOD | â˜€ï¸ Sunshine: 2650 hours - EXCELLENT | ğŸï¸ Landcover: farmland - BONUS,PRODUCTIVE
37.3165652,41.5429339,891,8.8,0.8,Unnamed,lake,780.0,Loamy-Sandy,6.5,1.2,medium,380,2650,11.2,Continental,farmland,,OpenStreetMap,74,"very close to water, medium slope, medium elevation, medium soil, suitable precipitation, ideal sunshine, existing agricultural land",ğŸ’§ Water: 0.8km (Unnamed) - EXCELLENT | ğŸ“ Slope: 8.8% - GOOD | â›°ï¸ Elevation: 891m - GOOD | ğŸ™ï¸ Urban: 780.0km - FAR | ğŸŒ± Soil: Loamy-Sandy (pH:6.5) - MEDIUM | ğŸŒ§ï¸ Precipitation: 380mm - GOOD | â˜€ï¸ Sunshine: 2650 hours - EXCELLENT | ğŸï¸ Landcover: farmland - BONUS,PRODUCTIVE
37.2766727,41.4866227,808,8.0,0.8,Unnamed,lake,726.9,Loamy-Sandy,6.5,1.2,medium,380,2650,11.2,Continental,farmland,,OpenStreetMap,74,"very close to water, medium slope, medium elevation, medium soil, suitable precipitation, ideal sunshine, existing agricultural land",ğŸ’§ Water: 0.8km (Unnamed) - EXCELLENT | ğŸ“ Slope: 8.0% - GOOD | â›°ï¸ Elevation: 808m - GOOD | ğŸ™ï¸ Urban: 726.9km - FAR | ğŸŒ± Soil: Loamy-Sandy (pH:6.5) - MEDIUM | ğŸŒ§ï¸ Precipitation: 380mm - GOOD | â˜€ï¸ Sunshine: 2650 hours - EXCELLENT | ğŸï¸ Landcover: farmland - BONUS,PRODUCTIVE
37.3215031,41.5435739,975,8.5,0.5,Unnamed,lake,827.7,Loamy-Sandy,6.5,1.2,medium,380,2650,11.2,Continental,farmland,,OpenStreetMap,74,"very close to water, medium slope, medium elevation, medium soil, suitable precipitation, ideal sunshine, existing agricultural land",ğŸ’§ Water: 0.5km (Unnamed) - EXCELLENT | ğŸ“ Slope: 8.5% - GOOD | â›°ï¸ Elevation: 975m - GOOD | ğŸ™ï¸ Urban: 827.7km - FAR | ğŸŒ± Soil: Loamy-Sandy (pH:6.5) - MEDIUM | ğŸŒ§ï¸ Precipitation: 380mm - GOOD | â˜€ï¸ Sunshine: 2650 hours - EXCELLENT | ğŸï¸ Landcover: farmland - BONUS,PRODUCTIVE
37.2754065,41.4784291,804,8.0,1.2,Unnamed,lake,599.2,Loamy-Sandy,6.5,1.2,medium,380,2650,11.2,Continental,farmland,,OpenStreetMap,74,"very close to water, medium slope, medium elevation, medium soil, suitable precipitation, ideal sunshine, existing agricultural land",ğŸ’§ Water: 1.2km (Unnamed) - EXCELLENT | ğŸ“ Slope: 8.0% - GOOD | â›°ï¸ Elevation: 804m - GOOD | ğŸ™ï¸ Urban: 599.2km - FAR | ğŸŒ± Soil: Loamy-Sandy (pH:6.5) - MEDIUM | ğŸŒ§ï¸ Precipitation: 380mm - GOOD | â˜€ï¸ Sunshine: 2650 hours - EXCELLENT | ğŸï¸ Landcover: farmland - BONUS,PRODUCTIVE
37.2764669,41.4780331,1174,13.4,1.3,Unnamed,lake,585.8,Stony-Sandy,5.8,0.7,low,380,2650,11.2,Continental,farmland,,OpenStreetMap,63,"very close to water, high slope, medium elevation, suitable precipitation, ideal sunshine, existing agricultural land",ğŸ’§ Water: 1.3km (Unnamed) - EXCELLENT | ğŸ“ Slope: 13.4% - MEDIUM | â›°ï¸ Elevation: 1174m - GOOD | ğŸ™ï¸ Urban: 585.8km - FAR | ğŸŒ± Soil: Stony-Sandy (pH:5.8) - LOW | ğŸŒ§ï¸ Precipitation: 380mm - GOOD | â˜€ï¸ Sunshine: 2650 hours - EXCELLENT | ğŸï¸ Landcover: farmland - BONUS,MODERATELY PRODUCTIVE
37.5086899,41.4430533,933,9.5,0.3,Unnamed,lake,684.2,Loamy-Sandy,6.5,1.2,medium,380,2650,11.2,Continental,farmland,,OpenStreetMap,74,"very close to water, medium slope, medium elevation, medium soil, suitable precipitation, ideal sunshine, existing agricultural land",ğŸ’§ Water: 0.3km (Unnamed) - EXCELLENT | ğŸ“ Slope: 9.5% - GOOD | â›°ï¸ Elevation: 933m - GOOD | ğŸ™ï¸ Urban: 684.2km - FAR | ğŸŒ± Soil: Loamy-Sandy (pH:6.5) - MEDIUM | ğŸŒ§ï¸ Precipitation: 380mm - GOOD | â˜€ï¸ Sunshine: 2650 hours - EXCELLENT | ğŸï¸ Landcover: farmland - BONUS,PRODUCTIVE
37.5181549,41.9443509,1107,8.4,4.0,Unnamed,lake,857.4,Stony-Sandy,5.8,0.7,low,380,2650,11.2,Continental,orchard,,OpenStreetMap,70,"very close to water, medium slope, medium elevation, suitable precipitation, ideal sunshine, existing agricultural land",ğŸ’§ Water: 4.0km (Unnamed) - EXCELLENT | ğŸ“ Slope: 8.4% - GOOD | â›°ï¸ Elevation: 1107m - GOOD | ğŸ™ï¸ Urban: 857.4km - FAR | ğŸŒ± Soil: Stony-Sandy (pH:5.8) - LOW | ğŸŒ§ï¸ Precipitation: 380mm - GOOD | â˜€ï¸ Sunshine: 2650 hours - EXCELLENT | ğŸï¸ Landcover: orchard - BONUS,PRODUCTIVE
37.5122473,41.9382306,1134,13.9,3.1,Unnamed,lake,776.5,Stony-Sandy,5.8,0.7,low,380,2650,11.2,Continental,orchard,,OpenStreetMap,63,"very close to water, high slope, medium elevation, suitable precipitation, ideal sunshine, existing agricultural land",ğŸ’§ Water: 3.1km (Unnamed) - EXCELLENT | ğŸ“ Slope: 13.9% - MEDIUM | â›°ï¸ Elevation: 1134m - GOOD | ğŸ™ï¸ Urban: 776.5km - FAR | ğŸŒ± Soil: Stony-Sandy (pH:5.8) - LOW | ğŸŒ§ï¸ Precipitation: 380mm - GOOD | â˜€ï¸ Sunshine: 2650 hours - EXCELLENT | ğŸï¸ Landcover: orchard - BONUS,MODERATELY PRODUCTIVE
37.5129736,41.9372374,906,5.9,3.1,Unnamed,lake,690.8,Loamy-Sandy,6.5,1.2,medium,380,2650,11.2,Continental,orchard,,OpenStreetMap,74,"very close to water, medium slope, medium elevation, medium soil, suitable precipitation, ideal sunshine, existing agricultural land",ğŸ’§ Water: 3.1km (Unnamed) - EXCELLENT | ğŸ“ Slope: 5.9% - GOOD | â›°ï¸ Elevation: 906m - GOOD | ğŸ™ï¸ Urban: 690.8km - FAR | ğŸŒ± Soil: Loamy-Sandy (pH:6.5) - MEDIUM | ğŸŒ§ï¸ Precipitation: 380mm - GOOD | â˜€ï¸ Sunshine: 2650 hours - EXCELLENT | ğŸï¸ Landcover: orchard - BONUS,PRODUCTIVE
37.5734122,41.5183406,831,5.5,5.0,GÃ¶let,lake,802.8,Loamy-Sandy,6.5,1.2,medium,380,2650,11.2,Continental,orchard,,OpenStreetMap,74,"very close to water, medium slope, medium elevation, medium soil, suitable precipitation, ideal sunshine, existing agricultural land",ğŸ’§ Water: 5.0km (GÃ¶let) - EXCELLENT | ğŸ“ Slope: 5.5% - GOOD | â›°ï¸ Elevation: 831m - GOOD | ğŸ™ï¸ Urban: 802.8km - FAR | ğŸŒ± Soil: Loamy-Sandy (pH:6.5) - MEDIUM | ğŸŒ§ï¸ Precipitation: 380mm - GOOD | â˜€ï¸ Sunshine: 2650 hours - EXCELLENT | ğŸï¸ Landcover: orchard - BONUS,PRODUCTIVE
37.5218265,41.8456834,821,9.1,0.4,Dicle Nehri,lake,789.2,Loamy-Sandy,6.5,1.2,medium,380,2650,11.2,Continental,orchard,,OpenStreetMap,74,"very close to water, medium slope, medium elevation, medium soil, suitable precipitation, ideal sunshine, existing agricultural land",ğŸ’§ Water: 0.4km (Dicle Nehri) - EXCELLENT | ğŸ“ Slope: 9.1% - GOOD | â›°ï¸ Elevation: 821m - GOOD | ğŸ™ï¸ Urban: 789.2km - FAR | ğŸŒ± Soil: Loamy-Sandy (pH:6.5) - MEDIUM | ğŸŒ§ï¸ Precipitation: 380mm - GOOD | â˜€ï¸ Sunshine: 2650 hours - EXCELLENT | ğŸï¸ Landcover: orchard - BONUS,PRODUCTIVE
37.5343339,41.9003738,1074,9.8,1.7,Unnamed,stream,824.0,Stony-Sandy,5.8,0.7,low,380,2650,11.2,Continental,orchard,,OpenStreetMap,70,"very close to water, medium slope, medium elevation, suitable precipitation, ideal sunshine, existing agricultural land",ğŸ’§ Water: 1.7km (Unnamed) - EXCELLENT | ğŸ“ Slope: 9.8% - GOOD | â›°ï¸ Elevation: 1074m - GOOD | ğŸ™ï¸ Urban: 824.0km - FAR | ğŸŒ± Soil: Stony-Sandy (pH:5.8) - LOW | ğŸŒ§ï¸ Precipitation: 380mm - GOOD | â˜€ï¸ Sunshine: 2650 hours - EXCELLENT | ğŸï¸ Landcover: orchard - BONUS,PRODUCTIVE
37.7205797,41.8392784,912,6.1,0.8,Unnamed,stream,668.3,Loamy-Sandy,6.5,1.2,medium,380,2650,11.2,Continental,orchard,,OpenStreetMap,74,"very close to water, medium slope, medium elevation, medium soil, suitable precipitation, ideal sunshine, existing agricultural land",ğŸ’§ Water: 0.8km (Unnamed) - EXCELLENT | ğŸ“ Slope: 6.1% - GOOD | â›°ï¸ Elevation: 912m - GOOD | ğŸ™ï¸ Urban: 668.3km - FAR | ğŸŒ± Soil: Loamy-Sandy (pH:6.5) - MEDIUM | ğŸŒ§ï¸ Precipitation: 380mm - GOOD | â˜€ï¸ Sunshine: 2650 hours - EXCELLENT | ğŸï¸ Landcover: orchard - BONUS,PRODUCTIVE
37.9600075,41.8575377,1064,9.2,1.5,Kezer Ã‡ayÄ±,river,742.0,Stony-Sandy,5.8,0.7,low,380,2650,11.2,Continental,farmland,,OpenStreetMap,70,"very close to water, medium slope, medium elevation, suitable precipitation, ideal sunshine, existing agricultural land",ğŸ’§ Water: 1.5km (Kezer Ã‡ayÄ±) - EXCELLENT | ğŸ“ Slope: 9.2% - GOOD | â›°ï¸ Elevation: 1064m - GOOD | ğŸ™ï¸ Urban: 742.0km - FAR | ğŸŒ± Soil: Stony-Sandy (pH:5.8) - LOW | ğŸŒ§ï¸ Precipitation: 380mm - GOOD | â˜€ï¸ Sunshine: 2650 hours - EXCELLENT | ğŸï¸ Landcover: farmland - BONUS,PRODUCTIVE
37.7911821,41.6239298,954,6.5,0.9,Unnamed,stream,822.3,Loamy-Sandy,6.5,1.2,medium,380,2650,11.2,Continental,farmland,,OpenStreetMap,74,"very close to water, medium slope, medium elevation, medium soil, suitable precipitation, ideal sunshine, existing agricultural land",ğŸ’§ Water: 0.9km (Unnamed) - EXCELLENT | ğŸ“ Slope: 6.5% - GOOD | â›°ï¸ Elevation: 954m - GOOD | ğŸ™ï¸ Urban: 822.3km - FAR | ğŸŒ± Soil: Loamy-Sandy (pH:6.5) - MEDIUM | ğŸŒ§ï¸ Precipitation: 380mm - GOOD | â˜€ï¸ Sunshine: 2650 hours - EXCELLENT | ğŸï¸ Landcover: farmland - BONUS,PRODUCTIVE
37.7804994,41.6127877,1016,13.4,0.1,Unnamed,stream,691.5,Stony-Sandy,5.8,0.7,low,380,2650,11.2,Continental,farmland,,OpenStreetMap,63,"very close to water, high slope, medium elevation, suitable precipitation, ideal sunshine, existing agricultural land",ğŸ’§ Water: 0.1km (Unnamed) - EXCELLENT | ğŸ“ Slope: 13.4% - MEDIUM | â›°ï¸ Elevation: 1016m - GOOD | ğŸ™ï¸ Urban: 691.5km - FAR | ğŸŒ± Soil: Stony-Sandy (pH:5.8) - LOW | ğŸŒ§ï¸ Precipitation: 380mm - GOOD | â˜€ï¸ Sunshine: 2650 hours - EXCELLENT | ğŸï¸ Landcover: farmland - BONUS,MODERATELY PRODUCTIVE
37.7811638,41.6144383,916,9.0,0.3,Unnamed,stream,754.9,Loamy-Sandy,6.5,1.2,medium,380,2650,11.2,Continental,farmland,,OpenStreetMap,74,"very close to water, medium slope, medium elevation, medium soil, suitable precipitation, ideal sunshine, existing agricultural land",ğŸ’§ Water: 0.3km (Unnamed) - EXCELLENT | ğŸ“ Slope: 9.0% - GOOD | â›°ï¸ Elevation: 916m - GOOD | ğŸ™ï¸ Urban: 754.9km - FAR | ğŸŒ± Soil: Loamy-Sandy (pH:6.5) - MEDIUM | ğŸŒ§ï¸ Precipitation: 380mm - GOOD | â˜€ï¸ Sunshine: 2650 hours - EXCELLENT | ğŸï¸ Landcover: farmland - BONUS,PRODUCTIVE
37.7853596,41.6200834,911,8.6,0.4,Unnamed,stream,792.4,Loamy-Sandy,6.5,1.2,medium,380,2650,11.2,Continental,farmland,,OpenStreetMap,74,"very close to water, medium slope, medium elevation, medium soil, suitable precipitation, ideal sunshine, existing agricultural land",ğŸ’§ Water: 0.4km (Unnamed) - EXCELLENT | ğŸ“ Slope: 8.6% - GOOD | â›°ï¸ Elevation: 911m - GOOD | ğŸ™ï¸ Urban: 792.4km - FAR | ğŸŒ± Soil: Loamy-Sandy (pH:6.5) - MEDIUM | ğŸŒ§ï¸ Precipitation: 380mm - GOOD | â˜€ï¸ Sunshine: 2650 hours - EXCELLENT | ğŸï¸ Landcover: farmland - BONUS,PRODUCTIVE
37.7826014,41.6158823,1110,12.1,0.5,Unnamed,stream,829.2,Stony-Sandy,5.8,0.7,low,380,2650,11.2,Continental,farmland,,OpenStreetMap,63,"very close to water, high slope, medium elevation, suitable precipitation, ideal sunshine, existing agricultural land",ğŸ’§ Water: 0.5km (Unnamed) - EXCELLENT | ğŸ“ Slope: 12.1% - MEDIUM | â›°ï¸ Elevation: 1110m - GOOD | ğŸ™ï¸ Urban: 829.2km - FAR | ğŸŒ± Soil: Stony-Sandy (pH:5.8) - LOW | ğŸŒ§ï¸ Precipitation: 380mm - GOOD | â˜€ï¸ Sunshine: 2650 hours - EXCELLENT | ğŸï¸ Landcover: farmland - BONUS,MODERATELY PRODUCTIVE
40.7214448,41.8004911,381,5.0,1.6,Unnamed,stream,704.8,Clay-Loamy,7.1,1.8,medium-high,850,1950,14.0,Black Sea,farmland,,OpenStreetMap,87,"very close to water, low slope, low elevation, good soil, suitable precipitation, ideal sunshine, existing agricultural land",ğŸ’§ Water: 1.6km (Unnamed) - EXCELLENT | ğŸ“ Slope: 5.0% - EXCELLENT | â›°ï¸ Elevation: 381m - EXCELLENT | ğŸ™ï¸ Urban: 704.8km - FAR | ğŸŒ± Soil: Clay-Loamy (pH:7.1) - GOOD | ğŸŒ§ï¸ Precipitation: 850mm - GOOD | â˜€ï¸ Sunshine: 1950 hours - EXCELLENT | ğŸï¸ Landcover: farmland - BONUS,HIGHLY PRODUCTIVE
40.7236867,41.8012125,708,8.5,1.4,Unnamed,stream,685.7,Loamy-Sandy,6.5,1.2,medium,850,1950,14.0,Black Sea,farmland,,OpenStreetMap,79,"very close to water, medium slope, low elevation, medium soil, suitable precipitation, ideal sunshine, existing agricultural land",ğŸ’§ Water: 1.4km (Unnamed) - EXCELLENT | ğŸ“ Slope: 8.5% - GOOD | â›°ï¸ Elevation: 708m - EXCELLENT | ğŸ™ï¸ Urban: 685.7km - FAR | ğŸŒ± Soil: Loamy-Sandy (pH:6.5) - MEDIUM | ğŸŒ§ï¸ Precipitation: 850mm - GOOD | â˜€ï¸ Sunshine: 1950 hours - EXCELLENT | ğŸï¸ Landcover: farmland - BONUS,PRODUCTIVE
37.1011549,36.6542866,1026,14.6,3.2,Unnamed,lake,127.4,Stony-Sandy,5.8,0.7,low,380,2650,11.2,Continental,orchard,,OpenStreetMap,63,"very close to water, high slope, medium elevation, suitable precipitation, ideal sunshine, existing agricultural land",ğŸ’§ Water: 3.2km (Unnamed) - EXCELLENT | ğŸ“ Slope: 14.6% - MEDIUM | â›°ï¸ Elevation: 1026m - GOOD | ğŸ™ï¸ Urban: 127.4km - FAR | ğŸŒ± Soil: Stony-Sandy (pH:5.8) - LOW | ğŸŒ§ï¸ Precipitation: 380mm - GOOD | â˜€ï¸ Sunshine: 2650 hours - EXCELLENT | ğŸï¸ Landcover: orchard - BONUS,MODERATELY PRODUCTIVE
40.752223,41.8280161,373,4.3,1.1,Unnamed,lake,894.5,Clay-Loamy,7.1,1.8,medium-high,850,1950,14.0,Black Sea,orchard,,OpenStreetMap,87,"very close to water, low slope, low elevation, good soil, suitable precipitation, ideal sunshine, existing agricultural land",ğŸ’§ Water: 1.1km (Unnamed) - EXCELLENT | ğŸ“ Slope: 4.3% - EXCELLENT | â›°ï¸ Elevation: 373m - EXCELLENT | ğŸ™ï¸ Urban: 894.5km - FAR | ğŸŒ± Soil: Clay-Loamy (pH:7.1) - GOOD | ğŸŒ§ï¸ Precipitation: 850mm - GOOD | â˜€ï¸ Sunshine: 1950 hours - EXCELLENT | ğŸï¸ Landcover: orchard - BONUS,HIGHLY PRODUCTIVE
37.7924464,37.4740532,853,8.5,0.1,Unnamed,stream,261.3,Loamy-Sandy,6.5,1.2,medium,380,2650,11.2,Continental,orchard,,OpenStreetMap,74,"very close to water, medium slope, medium elevation, medium soil, suitable precipitation, ideal sunshine, existing agricultural land",ğŸ’§ Water: 0.1km (Unnamed) - EXCELLENT | ğŸ“ Slope: 8.5% - GOOD | â›°ï¸ Elevation: 853m - GOOD | ğŸ™ï¸ Urban: 261.3km - FAR | ğŸŒ± Soil: Loamy-Sandy (pH:6.5) - MEDIUM | ğŸŒ§ï¸ Precipitation: 380mm - GOOD | â˜€ï¸ Sunshine: 2650 hours - EXCELLENT | ğŸï¸ Landcover: orchard - BONUS,PRODUCTIVE
38.2297301,38.2985889,1028,8.6,1.5,Unnamed,stream,318.1,Stony-Sandy,5.8,0.7,low,380,2650,11.2,Continental,orchard,,OpenStreetMap,70,"very close to water, medium slope, medium elevation, suitable precipitation, ideal sunshine, existing agricultural land",ğŸ’§ Water: 1.5km (Unnamed) - EXCELLENT | ğŸ“ Slope: 8.6% - GOOD | â›°ï¸ Elevation: 1028m - GOOD | ğŸ™ï¸ Urban: 318.1km - FAR | ğŸŒ± Soil: Stony-Sandy (pH:5.8) - LOW | ğŸŒ§ï¸ Precipitation: 380mm - GOOD | â˜€ï¸ Sunshine: 2650 hours - EXCELLENT | ğŸï¸ Landcover: orchard - BONUS,PRODUCTIVE
41.3119651,41.6236973,1594,10.0,2.8,Murgul Ã‡ayÄ±,river,743.5,Stony-Sandy,5.8,0.7,low,450,2450,8.5,Severe Continental,orchard,,OpenStreetMap,63,"very close to water, medium slope, ideal precipitation, ideal sunshine, existing agricultural land",ğŸ’§ Water: 2.8km (Murgul Ã‡ayÄ±) - EXCELLENT | ğŸ“ Slope: 10.0% - GOOD | â›°ï¸ Elevation: 1594m - LOW | ğŸ™ï¸ Urban: 743.5km - FAR | ğŸŒ± Soil: Stony-Sandy (pH:5.8) - LOW | ğŸŒ§ï¸ Precipitation: 450mm - EXCELLENT | â˜€ï¸ Sunshine: 2450 hours - EXCELLENT | ğŸï¸ Landcover: orchard - BONUS,MODERATELY PRODUCTIVE
37.7928727,37.4760158,987,7.6,0.3,Unnamed,stream,307.6,Loamy-Sandy,6.5,1.2,medium,380,2650,11.2,Continental,orchard,,OpenStreetMap,74,"very close to water, medium slope, medium elevation, medium soil, suitable precipitation, ideal sunshine, existing agricultural land",ğŸ’§ Water: 0.3km (Unnamed) - EXCELLENT | ğŸ“ Slope: 7.6% - GOOD | â›°ï¸ Elevation: 987m - GOOD | ğŸ™ï¸ Urban: 307.6km - FAR | ğŸŒ± Soil: Loamy-Sandy (pH:6.5) - MEDIUM | ğŸŒ§ï¸ Precipitation: 380mm - GOOD | â˜€ï¸ Sunshine: 2650 hours - EXCELLENT | ğŸï¸ Landcover: orchard - BONUS,PRODUCTIVE
