latitude,longitude,elevation_m,slope_percent,water_distance_km,nearest_water_name,nearest_water_type,urban_distance_km,soil_type,soil_ph,soil_organik_madde,soil_verimlilik,yillik_yagis_mm,guneslenme_saati,ortalama_sicaklik,iklim_tipi,landcover_type,region_name,data_source,suitability_score,suitability_reasons,detailed_reasons,suitability_category
39.0539043,36.1407267,562,7.4,1.5,Ä°simsiz,Ã§ay,215.4,TÄ±nlÄ±-Kumlu,6.5,1.2,orta,850,1950,14.0,Karadeniz,orchard,,OpenStreetMap,79,"suya Ã§ok yakÄ±n, orta eÄŸim, dÃ¼ÅŸÃ¼k rakÄ±m, orta toprak, uygun yaÄŸÄ±ÅŸ, ideal gÃ¼neÅŸlenme, mevcut tarÄ±m arazisi",ğŸ’§ Su: 1.5km (Ä°simsiz) - MÃœKEMMEL | ğŸ“ EÄŸim: %7.4 - Ä°YÄ° | â›°ï¸ RakÄ±m: 562m - MÃœKEMMEL | ğŸ™ï¸ Åehir: 215.4km - UZAK | ğŸŒ± Toprak: TÄ±nlÄ±-Kumlu (pH:6.5) - ORTA | ğŸŒ§ï¸ YaÄŸÄ±ÅŸ: 850mm - Ä°YÄ° | â˜€ï¸ GÃ¼neÅŸlenme: 1950saat - MÃœKEMMEL | ğŸï¸ Arazi: orchard - BONUS,VERÄ°MLÄ°
36.7813653,37.6204412,63,2.1,0.6,Aynifar Deresi,Ã§ay,214.8,TÄ±nlÄ±,6.8,2.3,yÃ¼ksek,650,2950,18.5,Akdeniz,orchard,,OpenStreetMap,86,"suya Ã§ok yakÄ±n, dÃ¼ÅŸÃ¼k eÄŸim, dÃ¼ÅŸÃ¼k rakÄ±m, verimli toprak, ideal yaÄŸÄ±ÅŸ, mevcut tarÄ±m arazisi",ğŸ’§ Su: 0.6km (Aynifar Deresi) - MÃœKEMMEL | ğŸ“ EÄŸim: %2.1 - MÃœKEMMEL | â›°ï¸ RakÄ±m: 63m - MÃœKEMMEL | ğŸ™ï¸ Åehir: 214.8km - UZAK | ğŸŒ± Toprak: TÄ±nlÄ± (pH:6.8) - MÃœKEMMEL | ğŸŒ§ï¸ YaÄŸÄ±ÅŸ: 650mm - MÃœKEMMEL | â˜€ï¸ GÃ¼neÅŸlenme: 2950saat - YETERSÄ°Z | ğŸï¸ Arazi: orchard - BONUS,Ã‡OK VERÄ°MLÄ°
39.3283907,36.5507104,765,9.4,7.1,Kanak Deresi,Ã§ay,322.3,TÄ±nlÄ±-Kumlu,6.5,1.2,orta,850,1950,14.0,Karadeniz,farmland,,OpenStreetMap,72,"suya yakÄ±n, orta eÄŸim, dÃ¼ÅŸÃ¼k rakÄ±m, orta toprak, uygun yaÄŸÄ±ÅŸ, ideal gÃ¼neÅŸlenme, mevcut tarÄ±m arazisi",ğŸ’§ Su: 7.1km (Kanak Deresi) - Ä°YÄ° | ğŸ“ EÄŸim: %9.4 - Ä°YÄ° | â›°ï¸ RakÄ±m: 765m - MÃœKEMMEL | ğŸ™ï¸ Åehir: 322.3km - UZAK | ğŸŒ± Toprak: TÄ±nlÄ±-Kumlu (pH:6.5) - ORTA | ğŸŒ§ï¸ YaÄŸÄ±ÅŸ: 850mm - Ä°YÄ° | â˜€ï¸ GÃ¼neÅŸlenme: 1950saat - MÃœKEMMEL | ğŸï¸ Arazi: farmland - BONUS,VERÄ°MLÄ°
36.9684323,37.5127116,138,2.7,0.5,SacÄ±r Suyu,nehir,260.4,TÄ±nlÄ±,6.8,2.3,yÃ¼ksek,650,2950,18.5,Akdeniz,orchard,,OpenStreetMap,86,"suya Ã§ok yakÄ±n, dÃ¼ÅŸÃ¼k eÄŸim, dÃ¼ÅŸÃ¼k rakÄ±m, verimli toprak, ideal yaÄŸÄ±ÅŸ, mevcut tarÄ±m arazisi",ğŸ’§ Su: 0.5km (SacÄ±r Suyu) - MÃœKEMMEL | ğŸ“ EÄŸim: %2.7 - MÃœKEMMEL | â›°ï¸ RakÄ±m: 138m - MÃœKEMMEL | ğŸ™ï¸ Åehir: 260.4km - UZAK | ğŸŒ± Toprak: TÄ±nlÄ± (pH:6.8) - MÃœKEMMEL | ğŸŒ§ï¸ YaÄŸÄ±ÅŸ: 650mm - MÃœKEMMEL | â˜€ï¸ GÃ¼neÅŸlenme: 2950saat - YETERSÄ°Z | ğŸï¸ Arazi: orchard - BONUS,Ã‡OK VERÄ°MLÄ°
39.0570577,36.1713151,405,3.7,1.2,Ä°simsiz,Ã§ay,252.6,Killi-TÄ±nlÄ±,7.1,1.8,orta-yÃ¼ksek,850,1950,14.0,Karadeniz,orchard,,OpenStreetMap,87,"suya Ã§ok yakÄ±n, dÃ¼ÅŸÃ¼k eÄŸim, dÃ¼ÅŸÃ¼k rakÄ±m, iyi toprak, uygun yaÄŸÄ±ÅŸ, ideal gÃ¼neÅŸlenme, mevcut tarÄ±m arazisi",ğŸ’§ Su: 1.2km (Ä°simsiz) - MÃœKEMMEL | ğŸ“ EÄŸim: %3.7 - MÃœKEMMEL | â›°ï¸ RakÄ±m: 405m - MÃœKEMMEL | ğŸ™ï¸ Åehir: 252.6km - UZAK | ğŸŒ± Toprak: Killi-TÄ±nlÄ± (pH:7.1) - Ä°YÄ° | ğŸŒ§ï¸ YaÄŸÄ±ÅŸ: 850mm - Ä°YÄ° | â˜€ï¸ GÃ¼neÅŸlenme: 1950saat - MÃœKEMMEL | ğŸï¸ Arazi: orchard - BONUS,Ã‡OK VERÄ°MLÄ°
37.6173897,40.4721328,803,5.8,2.1,GÃ¶ksu Deresi,Ã§ay,539.2,TÄ±nlÄ±-Kumlu,6.5,1.2,orta,380,2650,11.2,Karasal,orchard,,OpenStreetMap,74,"suya Ã§ok yakÄ±n, orta eÄŸim, orta rakÄ±m, orta toprak, uygun yaÄŸÄ±ÅŸ, ideal gÃ¼neÅŸlenme, mevcut tarÄ±m arazisi",ğŸ’§ Su: 2.1km (GÃ¶ksu Deresi) - MÃœKEMMEL | ğŸ“ EÄŸim: %5.8 - Ä°YÄ° | â›°ï¸ RakÄ±m: 803m - Ä°YÄ° | ğŸ™ï¸ Åehir: 539.2km - UZAK | ğŸŒ± Toprak: TÄ±nlÄ±-Kumlu (pH:6.5) - ORTA | ğŸŒ§ï¸ YaÄŸÄ±ÅŸ: 380mm - Ä°YÄ° | â˜€ï¸ GÃ¼neÅŸlenme: 2650saat - MÃœKEMMEL | ğŸï¸ Arazi: orchard - BONUS,VERÄ°MLÄ°
37.6146302,40.4720004,1112,14.6,2.3,GÃ¶ksu Deresi,Ã§ay,687.1,TaÅŸlÄ±-Kumlu,5.8,0.7,dÃ¼ÅŸÃ¼k,380,2650,11.2,Karasal,orchard,,OpenStreetMap,63,"suya Ã§ok yakÄ±n, yÃ¼ksek eÄŸim, orta rakÄ±m, uygun yaÄŸÄ±ÅŸ, ideal gÃ¼neÅŸlenme, mevcut tarÄ±m arazisi",ğŸ’§ Su: 2.3km (GÃ¶ksu Deresi) - MÃœKEMMEL | ğŸ“ EÄŸim: %14.6 - ORTA | â›°ï¸ RakÄ±m: 1112m - Ä°YÄ° | ğŸ™ï¸ Åehir: 687.1km - UZAK | ğŸŒ± Toprak: TaÅŸlÄ±-Kumlu (pH:5.8) - DÃœÅÃœK | ğŸŒ§ï¸ YaÄŸÄ±ÅŸ: 380mm - Ä°YÄ° | â˜€ï¸ GÃ¼neÅŸlenme: 2650saat - MÃœKEMMEL | ğŸï¸ Arazi: orchard - BONUS,ORTA VERÄ°MLÄ°
37.6152714,40.4731273,877,9.1,2.3,Ä°simsiz,Ã§ay,597.3,TÄ±nlÄ±-Kumlu,6.5,1.2,orta,380,2650,11.2,Karasal,orchard,,OpenStreetMap,74,"suya Ã§ok yakÄ±n, orta eÄŸim, orta rakÄ±m, orta toprak, uygun yaÄŸÄ±ÅŸ, ideal gÃ¼neÅŸlenme, mevcut tarÄ±m arazisi",ğŸ’§ Su: 2.3km (Ä°simsiz) - MÃœKEMMEL | ğŸ“ EÄŸim: %9.1 - Ä°YÄ° | â›°ï¸ RakÄ±m: 877m - Ä°YÄ° | ğŸ™ï¸ Åehir: 597.3km - UZAK | ğŸŒ± Toprak: TÄ±nlÄ±-Kumlu (pH:6.5) - ORTA | ğŸŒ§ï¸ YaÄŸÄ±ÅŸ: 380mm - Ä°YÄ° | â˜€ï¸ GÃ¼neÅŸlenme: 2650saat - MÃœKEMMEL | ğŸï¸ Arazi: orchard - BONUS,VERÄ°MLÄ°
37.6111377,40.4588956,868,8.4,2.1,GÃ¶ksu Deresi,Ã§ay,463.7,TÄ±nlÄ±-Kumlu,6.5,1.2,orta,380,2650,11.2,Karasal,orchard,,OpenStreetMap,74,"suya Ã§ok yakÄ±n, orta eÄŸim, orta rakÄ±m, orta toprak, uygun yaÄŸÄ±ÅŸ, ideal gÃ¼neÅŸlenme, mevcut tarÄ±m arazisi",ğŸ’§ Su: 2.1km (GÃ¶ksu Deresi) - MÃœKEMMEL | ğŸ“ EÄŸim: %8.4 - Ä°YÄ° | â›°ï¸ RakÄ±m: 868m - Ä°YÄ° | ğŸ™ï¸ Åehir: 463.7km - UZAK | ğŸŒ± Toprak: TÄ±nlÄ±-Kumlu (pH:6.5) - ORTA | ğŸŒ§ï¸ YaÄŸÄ±ÅŸ: 380mm - Ä°YÄ° | â˜€ï¸ GÃ¼neÅŸlenme: 2650saat - MÃœKEMMEL | ğŸï¸ Arazi: orchard - BONUS,VERÄ°MLÄ°
37.1773607,40.9499258,1089,9.5,0.6,Ä°simsiz,Ã§ay,692.4,TaÅŸlÄ±-Kumlu,5.8,0.7,dÃ¼ÅŸÃ¼k,380,2650,11.2,Karasal,orchard,,OpenStreetMap,70,"suya Ã§ok yakÄ±n, orta eÄŸim, orta rakÄ±m, uygun yaÄŸÄ±ÅŸ, ideal gÃ¼neÅŸlenme, mevcut tarÄ±m arazisi",ğŸ’§ Su: 0.6km (Ä°simsiz) - MÃœKEMMEL | ğŸ“ EÄŸim: %9.5 - Ä°YÄ° | â›°ï¸ RakÄ±m: 1089m - Ä°YÄ° | ğŸ™ï¸ Åehir: 692.4km - UZAK | ğŸŒ± Toprak: TaÅŸlÄ±-Kumlu (pH:5.8) - DÃœÅÃœK | ğŸŒ§ï¸ YaÄŸÄ±ÅŸ: 380mm - Ä°YÄ° | â˜€ï¸ GÃ¼neÅŸlenme: 2650saat - MÃœKEMMEL | ğŸï¸ Arazi: orchard - BONUS,VERÄ°MLÄ°
37.1840774,40.9577216,865,5.7,1.3,Ä°simsiz,Ã§ay,581.7,TÄ±nlÄ±-Kumlu,6.5,1.2,orta,380,2650,11.2,Karasal,orchard,,OpenStreetMap,74,"suya Ã§ok yakÄ±n, orta eÄŸim, orta rakÄ±m, orta toprak, uygun yaÄŸÄ±ÅŸ, ideal gÃ¼neÅŸlenme, mevcut tarÄ±m arazisi",ğŸ’§ Su: 1.3km (Ä°simsiz) - MÃœKEMMEL | ğŸ“ EÄŸim: %5.7 - Ä°YÄ° | â›°ï¸ RakÄ±m: 865m - Ä°YÄ° | ğŸ™ï¸ Åehir: 581.7km - UZAK | ğŸŒ± Toprak: TÄ±nlÄ±-Kumlu (pH:6.5) - ORTA | ğŸŒ§ï¸ YaÄŸÄ±ÅŸ: 380mm - Ä°YÄ° | â˜€ï¸ GÃ¼neÅŸlenme: 2650saat - MÃœKEMMEL | ğŸï¸ Arazi: orchard - BONUS,VERÄ°MLÄ°
37.6396067,40.9009811,1141,8.2,1.1,Savur Ã‡ayÄ±,Ã§ay,616.9,TaÅŸlÄ±-Kumlu,5.8,0.7,dÃ¼ÅŸÃ¼k,380,2650,11.2,Karasal,farmland,,OpenStreetMap,70,"suya Ã§ok yakÄ±n, orta eÄŸim, orta rakÄ±m, uygun yaÄŸÄ±ÅŸ, ideal gÃ¼neÅŸlenme, mevcut tarÄ±m arazisi",ğŸ’§ Su: 1.1km (Savur Ã‡ayÄ±) - MÃœKEMMEL | ğŸ“ EÄŸim: %8.2 - Ä°YÄ° | â›°ï¸ RakÄ±m: 1141m - Ä°YÄ° | ğŸ™ï¸ Åehir: 616.9km - UZAK | ğŸŒ± Toprak: TaÅŸlÄ±-Kumlu (pH:5.8) - DÃœÅÃœK | ğŸŒ§ï¸ YaÄŸÄ±ÅŸ: 380mm - Ä°YÄ° | â˜€ï¸ GÃ¼neÅŸlenme: 2650saat - MÃœKEMMEL | ğŸï¸ Arazi: farmland - BONUS,VERÄ°MLÄ°
37.1752085,40.9522361,827,8.4,0.2,Ä°simsiz,Ã§ay,553.1,TÄ±nlÄ±-Kumlu,6.5,1.2,orta,380,2650,11.2,Karasal,orchard,,OpenStreetMap,74,"suya Ã§ok yakÄ±n, orta eÄŸim, orta rakÄ±m, orta toprak, uygun yaÄŸÄ±ÅŸ, ideal gÃ¼neÅŸlenme, mevcut tarÄ±m arazisi",ğŸ’§ Su: 0.2km (Ä°simsiz) - MÃœKEMMEL | ğŸ“ EÄŸim: %8.4 - Ä°YÄ° | â›°ï¸ RakÄ±m: 827m - Ä°YÄ° | ğŸ™ï¸ Åehir: 553.1km - UZAK | ğŸŒ± Toprak: TÄ±nlÄ±-Kumlu (pH:6.5) - ORTA | ğŸŒ§ï¸ YaÄŸÄ±ÅŸ: 380mm - Ä°YÄ° | â˜€ï¸ GÃ¼neÅŸlenme: 2650saat - MÃœKEMMEL | ğŸï¸ Arazi: orchard - BONUS,VERÄ°MLÄ°
37.3222862,41.5374731,803,8.0,0.2,Ä°simsiz,gÃ¶l,669.3,TÄ±nlÄ±-Kumlu,6.5,1.2,orta,380,2650,11.2,Karasal,farmland,,OpenStreetMap,74,"suya Ã§ok yakÄ±n, orta eÄŸim, orta rakÄ±m, orta toprak, uygun yaÄŸÄ±ÅŸ, ideal gÃ¼neÅŸlenme, mevcut tarÄ±m arazisi",ğŸ’§ Su: 0.2km (Ä°simsiz) - MÃœKEMMEL | ğŸ“ EÄŸim: %8.0 - Ä°YÄ° | â›°ï¸ RakÄ±m: 803m - Ä°YÄ° | ğŸ™ï¸ Åehir: 669.3km - UZAK | ğŸŒ± Toprak: TÄ±nlÄ±-Kumlu (pH:6.5) - ORTA | ğŸŒ§ï¸ YaÄŸÄ±ÅŸ: 380mm - Ä°YÄ° | â˜€ï¸ GÃ¼neÅŸlenme: 2650saat - MÃœKEMMEL | ğŸï¸ Arazi: farmland - BONUS,VERÄ°MLÄ°
37.3221066,41.5397816,941,5.6,0.1,Ä°simsiz,gÃ¶l,710.0,TÄ±nlÄ±-Kumlu,6.5,1.2,orta,380,2650,11.2,Karasal,farmland,,OpenStreetMap,74,"suya Ã§ok yakÄ±n, orta eÄŸim, orta rakÄ±m, orta toprak, uygun yaÄŸÄ±ÅŸ, ideal gÃ¼neÅŸlenme, mevcut tarÄ±m arazisi",ğŸ’§ Su: 0.1km (Ä°simsiz) - MÃœKEMMEL | ğŸ“ EÄŸim: %5.6 - Ä°YÄ° | â›°ï¸ RakÄ±m: 941m - Ä°YÄ° | ğŸ™ï¸ Åehir: 710.0km - UZAK | ğŸŒ± Toprak: TÄ±nlÄ±-Kumlu (pH:6.5) - ORTA | ğŸŒ§ï¸ YaÄŸÄ±ÅŸ: 380mm - Ä°YÄ° | â˜€ï¸ GÃ¼neÅŸlenme: 2650saat - MÃœKEMMEL | ğŸï¸ Arazi: farmland - BONUS,VERÄ°MLÄ°
37.3186572,41.5411983,959,7.9,0.5,Ä°simsiz,gÃ¶l,562.9,TÄ±nlÄ±-Kumlu,6.5,1.2,orta,380,2650,11.2,Karasal,farmland,,OpenStreetMap,74,"suya Ã§ok yakÄ±n, orta eÄŸim, orta rakÄ±m, orta toprak, uygun yaÄŸÄ±ÅŸ, ideal gÃ¼neÅŸlenme, mevcut tarÄ±m arazisi",ğŸ’§ Su: 0.5km (Ä°simsiz) - MÃœKEMMEL | ğŸ“ EÄŸim: %7.9 - Ä°YÄ° | â›°ï¸ RakÄ±m: 959m - Ä°YÄ° | ğŸ™ï¸ Åehir: 562.9km - UZAK | ğŸŒ± Toprak: TÄ±nlÄ±-Kumlu (pH:6.5) - ORTA | ğŸŒ§ï¸ YaÄŸÄ±ÅŸ: 380mm - Ä°YÄ° | â˜€ï¸ GÃ¼neÅŸlenme: 2650saat - MÃœKEMMEL | ğŸï¸ Arazi: farmland - BONUS,VERÄ°MLÄ°
37.3168222,41.5444272,1162,13.7,0.9,Ä°simsiz,gÃ¶l,651.2,TaÅŸlÄ±-Kumlu,5.8,0.7,dÃ¼ÅŸÃ¼k,380,2650,11.2,Karasal,farmland,,OpenStreetMap,63,"suya Ã§ok yakÄ±n, yÃ¼ksek eÄŸim, orta rakÄ±m, uygun yaÄŸÄ±ÅŸ, ideal gÃ¼neÅŸlenme, mevcut tarÄ±m arazisi",ğŸ’§ Su: 0.9km (Ä°simsiz) - MÃœKEMMEL | ğŸ“ EÄŸim: %13.7 - ORTA | â›°ï¸ RakÄ±m: 1162m - Ä°YÄ° | ğŸ™ï¸ Åehir: 651.2km - UZAK | ğŸŒ± Toprak: TaÅŸlÄ±-Kumlu (pH:5.8) - DÃœÅÃœK | ğŸŒ§ï¸ YaÄŸÄ±ÅŸ: 380mm - Ä°YÄ° | â˜€ï¸ GÃ¼neÅŸlenme: 2650saat - MÃœKEMMEL | ğŸï¸ Arazi: farmland - BONUS,ORTA VERÄ°MLÄ°
37.2763404,41.4780058,1181,9.5,1.3,Ä°simsiz,gÃ¶l,692.8,TaÅŸlÄ±-Kumlu,5.8,0.7,dÃ¼ÅŸÃ¼k,380,2650,11.2,Karasal,farmland,,OpenStreetMap,70,"suya Ã§ok yakÄ±n, orta eÄŸim, orta rakÄ±m, uygun yaÄŸÄ±ÅŸ, ideal gÃ¼neÅŸlenme, mevcut tarÄ±m arazisi",ğŸ’§ Su: 1.3km (Ä°simsiz) - MÃœKEMMEL | ğŸ“ EÄŸim: %9.5 - Ä°YÄ° | â›°ï¸ RakÄ±m: 1181m - Ä°YÄ° | ğŸ™ï¸ Åehir: 692.8km - UZAK | ğŸŒ± Toprak: TaÅŸlÄ±-Kumlu (pH:5.8) - DÃœÅÃœK | ğŸŒ§ï¸ YaÄŸÄ±ÅŸ: 380mm - Ä°YÄ° | â˜€ï¸ GÃ¼neÅŸlenme: 2650saat - MÃœKEMMEL | ğŸï¸ Arazi: farmland - BONUS,VERÄ°MLÄ°
37.3179871,41.5436433,1120,14.4,0.7,Ä°simsiz,gÃ¶l,759.1,TaÅŸlÄ±-Kumlu,5.8,0.7,dÃ¼ÅŸÃ¼k,380,2650,11.2,Karasal,farmland,,OpenStreetMap,63,"suya Ã§ok yakÄ±n, yÃ¼ksek eÄŸim, orta rakÄ±m, uygun yaÄŸÄ±ÅŸ, ideal gÃ¼neÅŸlenme, mevcut tarÄ±m arazisi",ğŸ’§ Su: 0.7km (Ä°simsiz) - MÃœKEMMEL | ğŸ“ EÄŸim: %14.4 - ORTA | â›°ï¸ RakÄ±m: 1120m - Ä°YÄ° | ğŸ™ï¸ Åehir: 759.1km - UZAK | ğŸŒ± Toprak: TaÅŸlÄ±-Kumlu (pH:5.8) - DÃœÅÃœK | ğŸŒ§ï¸ YaÄŸÄ±ÅŸ: 380mm - Ä°YÄ° | â˜€ï¸ GÃ¼neÅŸlenme: 2650saat - MÃœKEMMEL | ğŸï¸ Arazi: farmland - BONUS,ORTA VERÄ°MLÄ°
37.3212563,41.5427682,1017,8.8,0.4,Ä°simsiz,gÃ¶l,613.6,TaÅŸlÄ±-Kumlu,5.8,0.7,dÃ¼ÅŸÃ¼k,380,2650,11.2,Karasal,farmland,,OpenStreetMap,70,"suya Ã§ok yakÄ±n, orta eÄŸim, orta rakÄ±m, uygun yaÄŸÄ±ÅŸ, ideal gÃ¼neÅŸlenme, mevcut tarÄ±m arazisi",ğŸ’§ Su: 0.4km (Ä°simsiz) - MÃœKEMMEL | ğŸ“ EÄŸim: %8.8 - Ä°YÄ° | â›°ï¸ RakÄ±m: 1017m - Ä°YÄ° | ğŸ™ï¸ Åehir: 613.6km - UZAK | ğŸŒ± Toprak: TaÅŸlÄ±-Kumlu (pH:5.8) - DÃœÅÃœK | ğŸŒ§ï¸ YaÄŸÄ±ÅŸ: 380mm - Ä°YÄ° | â˜€ï¸ GÃ¼neÅŸlenme: 2650saat - MÃœKEMMEL | ğŸï¸ Arazi: farmland - BONUS,VERÄ°MLÄ°
37.2791242,41.4774946,1014,12.0,1.5,Ä°simsiz,gÃ¶l,608.4,TaÅŸlÄ±-Kumlu,5.8,0.7,dÃ¼ÅŸÃ¼k,380,2650,11.2,Karasal,farmland,,OpenStreetMap,63,"suya Ã§ok yakÄ±n, yÃ¼ksek eÄŸim, orta rakÄ±m, uygun yaÄŸÄ±ÅŸ, ideal gÃ¼neÅŸlenme, mevcut tarÄ±m arazisi",ğŸ’§ Su: 1.5km (Ä°simsiz) - MÃœKEMMEL | ğŸ“ EÄŸim: %12.0 - ORTA | â›°ï¸ RakÄ±m: 1014m - Ä°YÄ° | ğŸ™ï¸ Åehir: 608.4km - UZAK | ğŸŒ± Toprak: TaÅŸlÄ±-Kumlu (pH:5.8) - DÃœÅÃœK | ğŸŒ§ï¸ YaÄŸÄ±ÅŸ: 380mm - Ä°YÄ° | â˜€ï¸ GÃ¼neÅŸlenme: 2650saat - MÃœKEMMEL | ğŸï¸ Arazi: farmland - BONUS,ORTA VERÄ°MLÄ°
37.3181798,41.5423908,970,6.2,0.6,Ä°simsiz,gÃ¶l,740.8,TÄ±nlÄ±-Kumlu,6.5,1.2,orta,380,2650,11.2,Karasal,farmland,,OpenStreetMap,74,"suya Ã§ok yakÄ±n, orta eÄŸim, orta rakÄ±m, orta toprak, uygun yaÄŸÄ±ÅŸ, ideal gÃ¼neÅŸlenme, mevcut tarÄ±m arazisi",ğŸ’§ Su: 0.6km (Ä°simsiz) - MÃœKEMMEL | ğŸ“ EÄŸim: %6.2 - Ä°YÄ° | â›°ï¸ RakÄ±m: 970m - Ä°YÄ° | ğŸ™ï¸ Åehir: 740.8km - UZAK | ğŸŒ± Toprak: TÄ±nlÄ±-Kumlu (pH:6.5) - ORTA | ğŸŒ§ï¸ YaÄŸÄ±ÅŸ: 380mm - Ä°YÄ° | â˜€ï¸ GÃ¼neÅŸlenme: 2650saat - MÃœKEMMEL | ğŸï¸ Arazi: farmland - BONUS,VERÄ°MLÄ°
37.3199727,41.5448155,1093,11.4,0.7,Ä°simsiz,gÃ¶l,669.9,TaÅŸlÄ±-Kumlu,5.8,0.7,dÃ¼ÅŸÃ¼k,380,2650,11.2,Karasal,farmland,,OpenStreetMap,63,"suya Ã§ok yakÄ±n, yÃ¼ksek eÄŸim, orta rakÄ±m, uygun yaÄŸÄ±ÅŸ, ideal gÃ¼neÅŸlenme, mevcut tarÄ±m arazisi",ğŸ’§ Su: 0.7km (Ä°simsiz) - MÃœKEMMEL | ğŸ“ EÄŸim: %11.4 - ORTA | â›°ï¸ RakÄ±m: 1093m - Ä°YÄ° | ğŸ™ï¸ Åehir: 669.9km - UZAK | ğŸŒ± Toprak: TaÅŸlÄ±-Kumlu (pH:5.8) - DÃœÅÃœK | ğŸŒ§ï¸ YaÄŸÄ±ÅŸ: 380mm - Ä°YÄ° | â˜€ï¸ GÃ¼neÅŸlenme: 2650saat - MÃœKEMMEL | ğŸï¸ Arazi: farmland - BONUS,ORTA VERÄ°MLÄ°
37.3203788,41.5417331,962,6.6,0.4,Ä°simsiz,gÃ¶l,627.8,TÄ±nlÄ±-Kumlu,6.5,1.2,orta,380,2650,11.2,Karasal,farmland,,OpenStreetMap,74,"suya Ã§ok yakÄ±n, orta eÄŸim, orta rakÄ±m, orta toprak, uygun yaÄŸÄ±ÅŸ, ideal gÃ¼neÅŸlenme, mevcut tarÄ±m arazisi",ğŸ’§ Su: 0.4km (Ä°simsiz) - MÃœKEMMEL | ğŸ“ EÄŸim: %6.6 - Ä°YÄ° | â›°ï¸ RakÄ±m: 962m - Ä°YÄ° | ğŸ™ï¸ Åehir: 627.8km - UZAK | ğŸŒ± Toprak: TÄ±nlÄ±-Kumlu (pH:6.5) - ORTA | ğŸŒ§ï¸ YaÄŸÄ±ÅŸ: 380mm - Ä°YÄ° | â˜€ï¸ GÃ¼neÅŸlenme: 2650saat - MÃœKEMMEL | ğŸï¸ Arazi: farmland - BONUS,VERÄ°MLÄ°
37.3207072,41.5462528,804,9.0,0.8,Ä°simsiz,gÃ¶l,631.0,TÄ±nlÄ±-Kumlu,6.5,1.2,orta,380,2650,11.2,Karasal,orchard,,OpenStreetMap,74,"suya Ã§ok yakÄ±n, orta eÄŸim, orta rakÄ±m, orta toprak, uygun yaÄŸÄ±ÅŸ, ideal gÃ¼neÅŸlenme, mevcut tarÄ±m arazisi",ğŸ’§ Su: 0.8km (Ä°simsiz) - MÃœKEMMEL | ğŸ“ EÄŸim: %9.0 - Ä°YÄ° | â›°ï¸ RakÄ±m: 804m - Ä°YÄ° | ğŸ™ï¸ Åehir: 631.0km - UZAK | ğŸŒ± Toprak: TÄ±nlÄ±-Kumlu (pH:6.5) - ORTA | ğŸŒ§ï¸ YaÄŸÄ±ÅŸ: 380mm - Ä°YÄ° | â˜€ï¸ GÃ¼neÅŸlenme: 2650saat - MÃœKEMMEL | ğŸï¸ Arazi: orchard - BONUS,VERÄ°MLÄ°
37.3163991,41.5420487,1184,11.5,0.7,Ä°simsiz,gÃ¶l,568.5,TaÅŸlÄ±-Kumlu,5.8,0.7,dÃ¼ÅŸÃ¼k,380,2650,11.2,Karasal,farmland,,OpenStreetMap,63,"suya Ã§ok yakÄ±n, yÃ¼ksek eÄŸim, orta rakÄ±m, uygun yaÄŸÄ±ÅŸ, ideal gÃ¼neÅŸlenme, mevcut tarÄ±m arazisi",ğŸ’§ Su: 0.7km (Ä°simsiz) - MÃœKEMMEL | ğŸ“ EÄŸim: %11.5 - ORTA | â›°ï¸ RakÄ±m: 1184m - Ä°YÄ° | ğŸ™ï¸ Åehir: 568.5km - UZAK | ğŸŒ± Toprak: TaÅŸlÄ±-Kumlu (pH:5.8) - DÃœÅÃœK | ğŸŒ§ï¸ YaÄŸÄ±ÅŸ: 380mm - Ä°YÄ° | â˜€ï¸ GÃ¼neÅŸlenme: 2650saat - MÃœKEMMEL | ğŸï¸ Arazi: farmland - BONUS,ORTA VERÄ°MLÄ°
37.321224,41.5441579,942,5.9,0.6,Ä°simsiz,gÃ¶l,696.1,TÄ±nlÄ±-Kumlu,6.5,1.2,orta,380,2650,11.2,Karasal,farmland,,OpenStreetMap,74,"suya Ã§ok yakÄ±n, orta eÄŸim, orta rakÄ±m, orta toprak, uygun yaÄŸÄ±ÅŸ, ideal gÃ¼neÅŸlenme, mevcut tarÄ±m arazisi",ğŸ’§ Su: 0.6km (Ä°simsiz) - MÃœKEMMEL | ğŸ“ EÄŸim: %5.9 - Ä°YÄ° | â›°ï¸ RakÄ±m: 942m - Ä°YÄ° | ğŸ™ï¸ Åehir: 696.1km - UZAK | ğŸŒ± Toprak: TÄ±nlÄ±-Kumlu (pH:6.5) - ORTA | ğŸŒ§ï¸ YaÄŸÄ±ÅŸ: 380mm - Ä°YÄ° | â˜€ï¸ GÃ¼neÅŸlenme: 2650saat - MÃœKEMMEL | ğŸï¸ Arazi: farmland - BONUS,VERÄ°MLÄ°
37.3173474,41.5447266,1113,9.7,0.8,Ä°simsiz,gÃ¶l,801.9,TaÅŸlÄ±-Kumlu,5.8,0.7,dÃ¼ÅŸÃ¼k,380,2650,11.2,Karasal,farmland,,OpenStreetMap,70,"suya Ã§ok yakÄ±n, orta eÄŸim, orta rakÄ±m, uygun yaÄŸÄ±ÅŸ, ideal gÃ¼neÅŸlenme, mevcut tarÄ±m arazisi",ğŸ’§ Su: 0.8km (Ä°simsiz) - MÃœKEMMEL | ğŸ“ EÄŸim: %9.7 - Ä°YÄ° | â›°ï¸ RakÄ±m: 1113m - Ä°YÄ° | ğŸ™ï¸ Åehir: 801.9km - UZAK | ğŸŒ± Toprak: TaÅŸlÄ±-Kumlu (pH:5.8) - DÃœÅÃœK | ğŸŒ§ï¸ YaÄŸÄ±ÅŸ: 380mm - Ä°YÄ° | â˜€ï¸ GÃ¼neÅŸlenme: 2650saat - MÃœKEMMEL | ğŸï¸ Arazi: farmland - BONUS,VERÄ°MLÄ°
37.3149869,41.5494707,810,6.6,1.4,Ä°simsiz,gÃ¶l,817.9,TÄ±nlÄ±-Kumlu,6.5,1.2,orta,380,2650,11.2,Karasal,farmland,,OpenStreetMap,74,"suya Ã§ok yakÄ±n, orta eÄŸim, orta rakÄ±m, orta toprak, uygun yaÄŸÄ±ÅŸ, ideal gÃ¼neÅŸlenme, mevcut tarÄ±m arazisi",ğŸ’§ Su: 1.4km (Ä°simsiz) - MÃœKEMMEL | ğŸ“ EÄŸim: %6.6 - Ä°YÄ° | â›°ï¸ RakÄ±m: 810m - Ä°YÄ° | ğŸ™ï¸ Åehir: 817.9km - UZAK | ğŸŒ± Toprak: TÄ±nlÄ±-Kumlu (pH:6.5) - ORTA | ğŸŒ§ï¸ YaÄŸÄ±ÅŸ: 380mm - Ä°YÄ° | â˜€ï¸ GÃ¼neÅŸlenme: 2650saat - MÃœKEMMEL | ğŸï¸ Arazi: farmland - BONUS,VERÄ°MLÄ°
37.2779583,41.4872759,979,6.2,1.0,Ä°simsiz,gÃ¶l,792.8,TÄ±nlÄ±-Kumlu,6.5,1.2,orta,380,2650,11.2,Karasal,farmland,,OpenStreetMap,74,"suya Ã§ok yakÄ±n, orta eÄŸim, orta rakÄ±m, orta toprak, uygun yaÄŸÄ±ÅŸ, ideal gÃ¼neÅŸlenme, mevcut tarÄ±m arazisi",ğŸ’§ Su: 1.0km (Ä°simsiz) - MÃœKEMMEL | ğŸ“ EÄŸim: %6.2 - Ä°YÄ° | â›°ï¸ RakÄ±m: 979m - Ä°YÄ° | ğŸ™ï¸ Åehir: 792.8km - UZAK | ğŸŒ± Toprak: TÄ±nlÄ±-Kumlu (pH:6.5) - ORTA | ğŸŒ§ï¸ YaÄŸÄ±ÅŸ: 380mm - Ä°YÄ° | â˜€ï¸ GÃ¼neÅŸlenme: 2650saat - MÃœKEMMEL | ğŸï¸ Arazi: farmland - BONUS,VERÄ°MLÄ°
37.3214638,41.5431229,880,5.9,0.5,Ä°simsiz,gÃ¶l,713.7,TÄ±nlÄ±-Kumlu,6.5,1.2,orta,380,2650,11.2,Karasal,farmland,,OpenStreetMap,74,"suya Ã§ok yakÄ±n, orta eÄŸim, orta rakÄ±m, orta toprak, uygun yaÄŸÄ±ÅŸ, ideal gÃ¼neÅŸlenme, mevcut tarÄ±m arazisi",ğŸ’§ Su: 0.5km (Ä°simsiz) - MÃœKEMMEL | ğŸ“ EÄŸim: %5.9 - Ä°YÄ° | â›°ï¸ RakÄ±m: 880m - Ä°YÄ° | ğŸ™ï¸ Åehir: 713.7km - UZAK | ğŸŒ± Toprak: TÄ±nlÄ±-Kumlu (pH:6.5) - ORTA | ğŸŒ§ï¸ YaÄŸÄ±ÅŸ: 380mm - Ä°YÄ° | â˜€ï¸ GÃ¼neÅŸlenme: 2650saat - MÃœKEMMEL | ğŸï¸ Arazi: farmland - BONUS,VERÄ°MLÄ°
37.3217164,41.547479,829,8.9,1.0,Ä°simsiz,gÃ¶l,747.8,TÄ±nlÄ±-Kumlu,6.5,1.2,orta,380,2650,11.2,Karasal,farmland,,OpenStreetMap,74,"suya Ã§ok yakÄ±n, orta eÄŸim, orta rakÄ±m, orta toprak, uygun yaÄŸÄ±ÅŸ, ideal gÃ¼neÅŸlenme, mevcut tarÄ±m arazisi",ğŸ’§ Su: 1.0km (Ä°simsiz) - MÃœKEMMEL | ğŸ“ EÄŸim: %8.9 - Ä°YÄ° | â›°ï¸ RakÄ±m: 829m - Ä°YÄ° | ğŸ™ï¸ Åehir: 747.8km - UZAK | ğŸŒ± Toprak: TÄ±nlÄ±-Kumlu (pH:6.5) - ORTA | ğŸŒ§ï¸ YaÄŸÄ±ÅŸ: 380mm - Ä°YÄ° | â˜€ï¸ GÃ¼neÅŸlenme: 2650saat - MÃœKEMMEL | ğŸï¸ Arazi: farmland - BONUS,VERÄ°MLÄ°
37.2796786,41.4771463,1181,13.0,1.6,Ä°simsiz,gÃ¶l,797.4,TaÅŸlÄ±-Kumlu,5.8,0.7,dÃ¼ÅŸÃ¼k,380,2650,11.2,Karasal,farmland,,OpenStreetMap,63,"suya Ã§ok yakÄ±n, yÃ¼ksek eÄŸim, orta rakÄ±m, uygun yaÄŸÄ±ÅŸ, ideal gÃ¼neÅŸlenme, mevcut tarÄ±m arazisi",ğŸ’§ Su: 1.6km (Ä°simsiz) - MÃœKEMMEL | ğŸ“ EÄŸim: %13.0 - ORTA | â›°ï¸ RakÄ±m: 1181m - Ä°YÄ° | ğŸ™ï¸ Åehir: 797.4km - UZAK | ğŸŒ± Toprak: TaÅŸlÄ±-Kumlu (pH:5.8) - DÃœÅÃœK | ğŸŒ§ï¸ YaÄŸÄ±ÅŸ: 380mm - Ä°YÄ° | â˜€ï¸ GÃ¼neÅŸlenme: 2650saat - MÃœKEMMEL | ğŸï¸ Arazi: farmland - BONUS,ORTA VERÄ°MLÄ°
37.3208593,41.5443935,1046,13.3,0.6,Ä°simsiz,gÃ¶l,725.0,TaÅŸlÄ±-Kumlu,5.8,0.7,dÃ¼ÅŸÃ¼k,380,2650,11.2,Karasal,farmland,,OpenStreetMap,63,"suya Ã§ok yakÄ±n, yÃ¼ksek eÄŸim, orta rakÄ±m, uygun yaÄŸÄ±ÅŸ, ideal gÃ¼neÅŸlenme, mevcut tarÄ±m arazisi",ğŸ’§ Su: 0.6km (Ä°simsiz) - MÃœKEMMEL | ğŸ“ EÄŸim: %13.3 - ORTA | â›°ï¸ RakÄ±m: 1046m - Ä°YÄ° | ğŸ™ï¸ Åehir: 725.0km - UZAK | ğŸŒ± Toprak: TaÅŸlÄ±-Kumlu (pH:5.8) - DÃœÅÃœK | ğŸŒ§ï¸ YaÄŸÄ±ÅŸ: 380mm - Ä°YÄ° | â˜€ï¸ GÃ¼neÅŸlenme: 2650saat - MÃœKEMMEL | ğŸï¸ Arazi: farmland - BONUS,ORTA VERÄ°MLÄ°
37.3214033,41.5439223,1078,13.4,0.6,Ä°simsiz,gÃ¶l,620.9,TaÅŸlÄ±-Kumlu,5.8,0.7,dÃ¼ÅŸÃ¼k,380,2650,11.2,Karasal,farmland,,OpenStreetMap,63,"suya Ã§ok yakÄ±n, yÃ¼ksek eÄŸim, orta rakÄ±m, uygun yaÄŸÄ±ÅŸ, ideal gÃ¼neÅŸlenme, mevcut tarÄ±m arazisi",ğŸ’§ Su: 0.6km (Ä°simsiz) - MÃœKEMMEL | ğŸ“ EÄŸim: %13.4 - ORTA | â›°ï¸ RakÄ±m: 1078m - Ä°YÄ° | ğŸ™ï¸ Åehir: 620.9km - UZAK | ğŸŒ± Toprak: TaÅŸlÄ±-Kumlu (pH:5.8) - DÃœÅÃœK | ğŸŒ§ï¸ YaÄŸÄ±ÅŸ: 380mm - Ä°YÄ° | â˜€ï¸ GÃ¼neÅŸlenme: 2650saat - MÃœKEMMEL | ğŸï¸ Arazi: farmland - BONUS,ORTA VERÄ°MLÄ°
37.2761311,41.4780115,1137,8.5,1.3,Ä°simsiz,gÃ¶l,779.8,TaÅŸlÄ±-Kumlu,5.8,0.7,dÃ¼ÅŸÃ¼k,380,2650,11.2,Karasal,farmland,,OpenStreetMap,70,"suya Ã§ok yakÄ±n, orta eÄŸim, orta rakÄ±m, uygun yaÄŸÄ±ÅŸ, ideal gÃ¼neÅŸlenme, mevcut tarÄ±m arazisi",ğŸ’§ Su: 1.3km (Ä°simsiz) - MÃœKEMMEL | ğŸ“ EÄŸim: %8.5 - Ä°YÄ° | â›°ï¸ RakÄ±m: 1137m - Ä°YÄ° | ğŸ™ï¸ Åehir: 779.8km - UZAK | ğŸŒ± Toprak: TaÅŸlÄ±-Kumlu (pH:5.8) - DÃœÅÃœK | ğŸŒ§ï¸ YaÄŸÄ±ÅŸ: 380mm - Ä°YÄ° | â˜€ï¸ GÃ¼neÅŸlenme: 2650saat - MÃœKEMMEL | ğŸï¸ Arazi: farmland - BONUS,VERÄ°MLÄ°
37.2806977,41.4766645,811,5.3,1.7,Ä°simsiz,gÃ¶l,558.3,TÄ±nlÄ±-Kumlu,6.5,1.2,orta,380,2650,11.2,Karasal,farmland,,OpenStreetMap,74,"suya Ã§ok yakÄ±n, orta eÄŸim, orta rakÄ±m, orta toprak, uygun yaÄŸÄ±ÅŸ, ideal gÃ¼neÅŸlenme, mevcut tarÄ±m arazisi",ğŸ’§ Su: 1.7km (Ä°simsiz) - MÃœKEMMEL | ğŸ“ EÄŸim: %5.3 - Ä°YÄ° | â›°ï¸ RakÄ±m: 811m - Ä°YÄ° | ğŸ™ï¸ Åehir: 558.3km - UZAK | ğŸŒ± Toprak: TÄ±nlÄ±-Kumlu (pH:6.5) - ORTA | ğŸŒ§ï¸ YaÄŸÄ±ÅŸ: 380mm - Ä°YÄ° | â˜€ï¸ GÃ¼neÅŸlenme: 2650saat - MÃœKEMMEL | ğŸï¸ Arazi: farmland - BONUS,VERÄ°MLÄ°
37.2751776,41.4786503,818,9.9,1.2,Ä°simsiz,gÃ¶l,626.1,TÄ±nlÄ±-Kumlu,6.5,1.2,orta,380,2650,11.2,Karasal,farmland,,OpenStreetMap,74,"suya Ã§ok yakÄ±n, orta eÄŸim, orta rakÄ±m, orta toprak, uygun yaÄŸÄ±ÅŸ, ideal gÃ¼neÅŸlenme, mevcut tarÄ±m arazisi",ğŸ’§ Su: 1.2km (Ä°simsiz) - MÃœKEMMEL | ğŸ“ EÄŸim: %9.9 - Ä°YÄ° | â›°ï¸ RakÄ±m: 818m - Ä°YÄ° | ğŸ™ï¸ Åehir: 626.1km - UZAK | ğŸŒ± Toprak: TÄ±nlÄ±-Kumlu (pH:6.5) - ORTA | ğŸŒ§ï¸ YaÄŸÄ±ÅŸ: 380mm - Ä°YÄ° | â˜€ï¸ GÃ¼neÅŸlenme: 2650saat - MÃœKEMMEL | ğŸï¸ Arazi: farmland - BONUS,VERÄ°MLÄ°
37.2753209,41.4880294,812,6.0,0.7,Ä°simsiz,gÃ¶l,824.8,TÄ±nlÄ±-Kumlu,6.5,1.2,orta,380,2650,11.2,Karasal,farmland,,OpenStreetMap,74,"suya Ã§ok yakÄ±n, orta eÄŸim, orta rakÄ±m, orta toprak, uygun yaÄŸÄ±ÅŸ, ideal gÃ¼neÅŸlenme, mevcut tarÄ±m arazisi",ğŸ’§ Su: 0.7km (Ä°simsiz) - MÃœKEMMEL | ğŸ“ EÄŸim: %6.0 - Ä°YÄ° | â›°ï¸ RakÄ±m: 812m - Ä°YÄ° | ğŸ™ï¸ Åehir: 824.8km - UZAK | ğŸŒ± Toprak: TÄ±nlÄ±-Kumlu (pH:6.5) - ORTA | ğŸŒ§ï¸ YaÄŸÄ±ÅŸ: 380mm - Ä°YÄ° | â˜€ï¸ GÃ¼neÅŸlenme: 2650saat - MÃœKEMMEL | ğŸï¸ Arazi: farmland - BONUS,VERÄ°MLÄ°
37.318263,41.541903,834,5.7,0.5,Ä°simsiz,gÃ¶l,827.3,TÄ±nlÄ±-Kumlu,6.5,1.2,orta,380,2650,11.2,Karasal,farmland,,OpenStreetMap,74,"suya Ã§ok yakÄ±n, orta eÄŸim, orta rakÄ±m, orta toprak, uygun yaÄŸÄ±ÅŸ, ideal gÃ¼neÅŸlenme, mevcut tarÄ±m arazisi",ğŸ’§ Su: 0.5km (Ä°simsiz) - MÃœKEMMEL | ğŸ“ EÄŸim: %5.7 - Ä°YÄ° | â›°ï¸ RakÄ±m: 834m - Ä°YÄ° | ğŸ™ï¸ Åehir: 827.3km - UZAK | ğŸŒ± Toprak: TÄ±nlÄ±-Kumlu (pH:6.5) - ORTA | ğŸŒ§ï¸ YaÄŸÄ±ÅŸ: 380mm - Ä°YÄ° | â˜€ï¸ GÃ¼neÅŸlenme: 2650saat - MÃœKEMMEL | ğŸï¸ Arazi: farmland - BONUS,VERÄ°MLÄ°
37.3196664,41.5412801,958,9.8,0.4,Ä°simsiz,gÃ¶l,830.8,TÄ±nlÄ±-Kumlu,6.5,1.2,orta,380,2650,11.2,Karasal,farmland,,OpenStreetMap,74,"suya Ã§ok yakÄ±n, orta eÄŸim, orta rakÄ±m, orta toprak, uygun yaÄŸÄ±ÅŸ, ideal gÃ¼neÅŸlenme, mevcut tarÄ±m arazisi",ğŸ’§ Su: 0.4km (Ä°simsiz) - MÃœKEMMEL | ğŸ“ EÄŸim: %9.8 - Ä°YÄ° | â›°ï¸ RakÄ±m: 958m - Ä°YÄ° | ğŸ™ï¸ Åehir: 830.8km - UZAK | ğŸŒ± Toprak: TÄ±nlÄ±-Kumlu (pH:6.5) - ORTA | ğŸŒ§ï¸ YaÄŸÄ±ÅŸ: 380mm - Ä°YÄ° | â˜€ï¸ GÃ¼neÅŸlenme: 2650saat - MÃœKEMMEL | ğŸï¸ Arazi: farmland - BONUS,VERÄ°MLÄ°
37.277119,41.4779856,954,8.5,1.4,Ä°simsiz,gÃ¶l,818.9,TÄ±nlÄ±-Kumlu,6.5,1.2,orta,380,2650,11.2,Karasal,farmland,,OpenStreetMap,74,"suya Ã§ok yakÄ±n, orta eÄŸim, orta rakÄ±m, orta toprak, uygun yaÄŸÄ±ÅŸ, ideal gÃ¼neÅŸlenme, mevcut tarÄ±m arazisi",ğŸ’§ Su: 1.4km (Ä°simsiz) - MÃœKEMMEL | ğŸ“ EÄŸim: %8.5 - Ä°YÄ° | â›°ï¸ RakÄ±m: 954m - Ä°YÄ° | ğŸ™ï¸ Åehir: 818.9km - UZAK | ğŸŒ± Toprak: TÄ±nlÄ±-Kumlu (pH:6.5) - ORTA | ğŸŒ§ï¸ YaÄŸÄ±ÅŸ: 380mm - Ä°YÄ° | â˜€ï¸ GÃ¼neÅŸlenme: 2650saat - MÃœKEMMEL | ğŸï¸ Arazi: farmland - BONUS,VERÄ°MLÄ°
37.3190149,41.5410536,808,8.9,0.4,Ä°simsiz,gÃ¶l,565.1,TÄ±nlÄ±-Kumlu,6.5,1.2,orta,380,2650,11.2,Karasal,farmland,,OpenStreetMap,74,"suya Ã§ok yakÄ±n, orta eÄŸim, orta rakÄ±m, orta toprak, uygun yaÄŸÄ±ÅŸ, ideal gÃ¼neÅŸlenme, mevcut tarÄ±m arazisi",ğŸ’§ Su: 0.4km (Ä°simsiz) - MÃœKEMMEL | ğŸ“ EÄŸim: %8.9 - Ä°YÄ° | â›°ï¸ RakÄ±m: 808m - Ä°YÄ° | ğŸ™ï¸ Åehir: 565.1km - UZAK | ğŸŒ± Toprak: TÄ±nlÄ±-Kumlu (pH:6.5) - ORTA | ğŸŒ§ï¸ YaÄŸÄ±ÅŸ: 380mm - Ä°YÄ° | â˜€ï¸ GÃ¼neÅŸlenme: 2650saat - MÃœKEMMEL | ğŸï¸ Arazi: farmland - BONUS,VERÄ°MLÄ°
37.2777704,41.4870091,1112,14.1,0.9,Ä°simsiz,gÃ¶l,669.9,TaÅŸlÄ±-Kumlu,5.8,0.7,dÃ¼ÅŸÃ¼k,380,2650,11.2,Karasal,farmland,,OpenStreetMap,63,"suya Ã§ok yakÄ±n, yÃ¼ksek eÄŸim, orta rakÄ±m, uygun yaÄŸÄ±ÅŸ, ideal gÃ¼neÅŸlenme, mevcut tarÄ±m arazisi",ğŸ’§ Su: 0.9km (Ä°simsiz) - MÃœKEMMEL | ğŸ“ EÄŸim: %14.1 - ORTA | â›°ï¸ RakÄ±m: 1112m - Ä°YÄ° | ğŸ™ï¸ Åehir: 669.9km - UZAK | ğŸŒ± Toprak: TaÅŸlÄ±-Kumlu (pH:5.8) - DÃœÅÃœK | ğŸŒ§ï¸ YaÄŸÄ±ÅŸ: 380mm - Ä°YÄ° | â˜€ï¸ GÃ¼neÅŸlenme: 2650saat - MÃœKEMMEL | ğŸï¸ Arazi: farmland - BONUS,ORTA VERÄ°MLÄ°
37.3185577,41.5413677,827,5.2,0.5,Ä°simsiz,gÃ¶l,578.0,TÄ±nlÄ±-Kumlu,6.5,1.2,orta,380,2650,11.2,Karasal,farmland,,OpenStreetMap,74,"suya Ã§ok yakÄ±n, orta eÄŸim, orta rakÄ±m, orta toprak, uygun yaÄŸÄ±ÅŸ, ideal gÃ¼neÅŸlenme, mevcut tarÄ±m arazisi",ğŸ’§ Su: 0.5km (Ä°simsiz) - MÃœKEMMEL | ğŸ“ EÄŸim: %5.2 - Ä°YÄ° | â›°ï¸ RakÄ±m: 827m - Ä°YÄ° | ğŸ™ï¸ Åehir: 578.0km - UZAK | ğŸŒ± Toprak: TÄ±nlÄ±-Kumlu (pH:6.5) - ORTA | ğŸŒ§ï¸ YaÄŸÄ±ÅŸ: 380mm - Ä°YÄ° | â˜€ï¸ GÃ¼neÅŸlenme: 2650saat - MÃœKEMMEL | ğŸï¸ Arazi: farmland - BONUS,VERÄ°MLÄ°
37.2779901,41.4777382,879,9.2,1.4,Ä°simsiz,gÃ¶l,562.0,TÄ±nlÄ±-Kumlu,6.5,1.2,orta,380,2650,11.2,Karasal,farmland,,OpenStreetMap,74,"suya Ã§ok yakÄ±n, orta eÄŸim, orta rakÄ±m, orta toprak, uygun yaÄŸÄ±ÅŸ, ideal gÃ¼neÅŸlenme, mevcut tarÄ±m arazisi",ğŸ’§ Su: 1.4km (Ä°simsiz) - MÃœKEMMEL | ğŸ“ EÄŸim: %9.2 - Ä°YÄ° | â›°ï¸ RakÄ±m: 879m - Ä°YÄ° | ğŸ™ï¸ Åehir: 562.0km - UZAK | ğŸŒ± Toprak: TÄ±nlÄ±-Kumlu (pH:6.5) - ORTA | ğŸŒ§ï¸ YaÄŸÄ±ÅŸ: 380mm - Ä°YÄ° | â˜€ï¸ GÃ¼neÅŸlenme: 2650saat - MÃœKEMMEL | ğŸï¸ Arazi: farmland - BONUS,VERÄ°MLÄ°
37.2752702,41.4785083,814,6.7,1.2,Ä°simsiz,gÃ¶l,757.3,TÄ±nlÄ±-Kumlu,6.5,1.2,orta,380,2650,11.2,Karasal,farmland,,OpenStreetMap,74,"suya Ã§ok yakÄ±n, orta eÄŸim, orta rakÄ±m, orta toprak, uygun yaÄŸÄ±ÅŸ, ideal gÃ¼neÅŸlenme, mevcut tarÄ±m arazisi",ğŸ’§ Su: 1.2km (Ä°simsiz) - MÃœKEMMEL | ğŸ“ EÄŸim: %6.7 - Ä°YÄ° | â›°ï¸ RakÄ±m: 814m - Ä°YÄ° | ğŸ™ï¸ Åehir: 757.3km - UZAK | ğŸŒ± Toprak: TÄ±nlÄ±-Kumlu (pH:6.5) - ORTA | ğŸŒ§ï¸ YaÄŸÄ±ÅŸ: 380mm - Ä°YÄ° | â˜€ï¸ GÃ¼neÅŸlenme: 2650saat - MÃœKEMMEL | ğŸï¸ Arazi: farmland - BONUS,VERÄ°MLÄ°
37.3201461,41.5415418,918,9.0,0.4,Ä°simsiz,gÃ¶l,719.1,TÄ±nlÄ±-Kumlu,6.5,1.2,orta,380,2650,11.2,Karasal,farmland,,OpenStreetMap,74,"suya Ã§ok yakÄ±n, orta eÄŸim, orta rakÄ±m, orta toprak, uygun yaÄŸÄ±ÅŸ, ideal gÃ¼neÅŸlenme, mevcut tarÄ±m arazisi",ğŸ’§ Su: 0.4km (Ä°simsiz) - MÃœKEMMEL | ğŸ“ EÄŸim: %9.0 - Ä°YÄ° | â›°ï¸ RakÄ±m: 918m - Ä°YÄ° | ğŸ™ï¸ Åehir: 719.1km - UZAK | ğŸŒ± Toprak: TÄ±nlÄ±-Kumlu (pH:6.5) - ORTA | ğŸŒ§ï¸ YaÄŸÄ±ÅŸ: 380mm - Ä°YÄ° | â˜€ï¸ GÃ¼neÅŸlenme: 2650saat - MÃœKEMMEL | ğŸï¸ Arazi: farmland - BONUS,VERÄ°MLÄ°
37.3166471,41.5433837,915,8.1,0.8,Ä°simsiz,gÃ¶l,596.6,TÄ±nlÄ±-Kumlu,6.5,1.2,orta,380,2650,11.2,Karasal,farmland,,OpenStreetMap,74,"suya Ã§ok yakÄ±n, orta eÄŸim, orta rakÄ±m, orta toprak, uygun yaÄŸÄ±ÅŸ, ideal gÃ¼neÅŸlenme, mevcut tarÄ±m arazisi",ğŸ’§ Su: 0.8km (Ä°simsiz) - MÃœKEMMEL | ğŸ“ EÄŸim: %8.1 - Ä°YÄ° | â›°ï¸ RakÄ±m: 915m - Ä°YÄ° | ğŸ™ï¸ Åehir: 596.6km - UZAK | ğŸŒ± Toprak: TÄ±nlÄ±-Kumlu (pH:6.5) - ORTA | ğŸŒ§ï¸ YaÄŸÄ±ÅŸ: 380mm - Ä°YÄ° | â˜€ï¸ GÃ¼neÅŸlenme: 2650saat - MÃœKEMMEL | ğŸï¸ Arazi: farmland - BONUS,VERÄ°MLÄ°
37.3160678,41.5419505,814,8.1,0.8,Ä°simsiz,gÃ¶l,581.6,TÄ±nlÄ±-Kumlu,6.5,1.2,orta,380,2650,11.2,Karasal,farmland,,OpenStreetMap,74,"suya Ã§ok yakÄ±n, orta eÄŸim, orta rakÄ±m, orta toprak, uygun yaÄŸÄ±ÅŸ, ideal gÃ¼neÅŸlenme, mevcut tarÄ±m arazisi",ğŸ’§ Su: 0.8km (Ä°simsiz) - MÃœKEMMEL | ğŸ“ EÄŸim: %8.1 - Ä°YÄ° | â›°ï¸ RakÄ±m: 814m - Ä°YÄ° | ğŸ™ï¸ Åehir: 581.6km - UZAK | ğŸŒ± Toprak: TÄ±nlÄ±-Kumlu (pH:6.5) - ORTA | ğŸŒ§ï¸ YaÄŸÄ±ÅŸ: 380mm - Ä°YÄ° | â˜€ï¸ GÃ¼neÅŸlenme: 2650saat - MÃœKEMMEL | ğŸï¸ Arazi: farmland - BONUS,VERÄ°MLÄ°
37.3204836,41.5445443,890,5.7,0.7,Ä°simsiz,gÃ¶l,810.6,TÄ±nlÄ±-Kumlu,6.5,1.2,orta,380,2650,11.2,Karasal,farmland,,OpenStreetMap,74,"suya Ã§ok yakÄ±n, orta eÄŸim, orta rakÄ±m, orta toprak, uygun yaÄŸÄ±ÅŸ, ideal gÃ¼neÅŸlenme, mevcut tarÄ±m arazisi",ğŸ’§ Su: 0.7km (Ä°simsiz) - MÃœKEMMEL | ğŸ“ EÄŸim: %5.7 - Ä°YÄ° | â›°ï¸ RakÄ±m: 890m - Ä°YÄ° | ğŸ™ï¸ Åehir: 810.6km - UZAK | ğŸŒ± Toprak: TÄ±nlÄ±-Kumlu (pH:6.5) - ORTA | ğŸŒ§ï¸ YaÄŸÄ±ÅŸ: 380mm - Ä°YÄ° | â˜€ï¸ GÃ¼neÅŸlenme: 2650saat - MÃœKEMMEL | ğŸï¸ Arazi: farmland - BONUS,VERÄ°MLÄ°
37.2774287,41.4868304,1034,11.7,0.9,Ä°simsiz,gÃ¶l,816.4,TaÅŸlÄ±-Kumlu,5.8,0.7,dÃ¼ÅŸÃ¼k,380,2650,11.2,Karasal,farmland,,OpenStreetMap,63,"suya Ã§ok yakÄ±n, yÃ¼ksek eÄŸim, orta rakÄ±m, uygun yaÄŸÄ±ÅŸ, ideal gÃ¼neÅŸlenme, mevcut tarÄ±m arazisi",ğŸ’§ Su: 0.9km (Ä°simsiz) - MÃœKEMMEL | ğŸ“ EÄŸim: %11.7 - ORTA | â›°ï¸ RakÄ±m: 1034m - Ä°YÄ° | ğŸ™ï¸ Åehir: 816.4km - UZAK | ğŸŒ± Toprak: TaÅŸlÄ±-Kumlu (pH:5.8) - DÃœÅÃœK | ğŸŒ§ï¸ YaÄŸÄ±ÅŸ: 380mm - Ä°YÄ° | â˜€ï¸ GÃ¼neÅŸlenme: 2650saat - MÃœKEMMEL | ğŸï¸ Arazi: farmland - BONUS,ORTA VERÄ°MLÄ°
37.2800771,41.4768731,833,7.0,1.7,Ä°simsiz,gÃ¶l,750.1,TÄ±nlÄ±-Kumlu,6.5,1.2,orta,380,2650,11.2,Karasal,farmland,,OpenStreetMap,74,"suya Ã§ok yakÄ±n, orta eÄŸim, orta rakÄ±m, orta toprak, uygun yaÄŸÄ±ÅŸ, ideal gÃ¼neÅŸlenme, mevcut tarÄ±m arazisi",ğŸ’§ Su: 1.7km (Ä°simsiz) - MÃœKEMMEL | ğŸ“ EÄŸim: %7.0 - Ä°YÄ° | â›°ï¸ RakÄ±m: 833m - Ä°YÄ° | ğŸ™ï¸ Åehir: 750.1km - UZAK | ğŸŒ± Toprak: TÄ±nlÄ±-Kumlu (pH:6.5) - ORTA | ğŸŒ§ï¸ YaÄŸÄ±ÅŸ: 380mm - Ä°YÄ° | â˜€ï¸ GÃ¼neÅŸlenme: 2650saat - MÃœKEMMEL | ğŸï¸ Arazi: farmland - BONUS,VERÄ°MLÄ°
37.3200019,41.5414772,976,5.9,0.4,Ä°simsiz,gÃ¶l,585.7,TÄ±nlÄ±-Kumlu,6.5,1.2,orta,380,2650,11.2,Karasal,farmland,,OpenStreetMap,74,"suya Ã§ok yakÄ±n, orta eÄŸim, orta rakÄ±m, orta toprak, uygun yaÄŸÄ±ÅŸ, ideal gÃ¼neÅŸlenme, mevcut tarÄ±m arazisi",ğŸ’§ Su: 0.4km (Ä°simsiz) - MÃœKEMMEL | ğŸ“ EÄŸim: %5.9 - Ä°YÄ° | â›°ï¸ RakÄ±m: 976m - Ä°YÄ° | ğŸ™ï¸ Åehir: 585.7km - UZAK | ğŸŒ± Toprak: TÄ±nlÄ±-Kumlu (pH:6.5) - ORTA | ğŸŒ§ï¸ YaÄŸÄ±ÅŸ: 380mm - Ä°YÄ° | â˜€ï¸ GÃ¼neÅŸlenme: 2650saat - MÃœKEMMEL | ğŸï¸ Arazi: farmland - BONUS,VERÄ°MLÄ°
37.2784658,41.4777342,1051,9.6,1.5,Ä°simsiz,gÃ¶l,779.4,TaÅŸlÄ±-Kumlu,5.8,0.7,dÃ¼ÅŸÃ¼k,380,2650,11.2,Karasal,farmland,,OpenStreetMap,70,"suya Ã§ok yakÄ±n, orta eÄŸim, orta rakÄ±m, uygun yaÄŸÄ±ÅŸ, ideal gÃ¼neÅŸlenme, mevcut tarÄ±m arazisi",ğŸ’§ Su: 1.5km (Ä°simsiz) - MÃœKEMMEL | ğŸ“ EÄŸim: %9.6 - Ä°YÄ° | â›°ï¸ RakÄ±m: 1051m - Ä°YÄ° | ğŸ™ï¸ Åehir: 779.4km - UZAK | ğŸŒ± Toprak: TaÅŸlÄ±-Kumlu (pH:5.8) - DÃœÅÃœK | ğŸŒ§ï¸ YaÄŸÄ±ÅŸ: 380mm - Ä°YÄ° | â˜€ï¸ GÃ¼neÅŸlenme: 2650saat - MÃœKEMMEL | ğŸï¸ Arazi: farmland - BONUS,VERÄ°MLÄ°
37.3169897,41.5447377,851,5.3,0.9,Ä°simsiz,gÃ¶l,826.9,TÄ±nlÄ±-Kumlu,6.5,1.2,orta,380,2650,11.2,Karasal,farmland,,OpenStreetMap,74,"suya Ã§ok yakÄ±n, orta eÄŸim, orta rakÄ±m, orta toprak, uygun yaÄŸÄ±ÅŸ, ideal gÃ¼neÅŸlenme, mevcut tarÄ±m arazisi",ğŸ’§ Su: 0.9km (Ä°simsiz) - MÃœKEMMEL | ğŸ“ EÄŸim: %5.3 - Ä°YÄ° | â›°ï¸ RakÄ±m: 851m - Ä°YÄ° | ğŸ™ï¸ Åehir: 826.9km - UZAK | ğŸŒ± Toprak: TÄ±nlÄ±-Kumlu (pH:6.5) - ORTA | ğŸŒ§ï¸ YaÄŸÄ±ÅŸ: 380mm - Ä°YÄ° | â˜€ï¸ GÃ¼neÅŸlenme: 2650saat - MÃœKEMMEL | ğŸï¸ Arazi: farmland - BONUS,VERÄ°MLÄ°
37.2782326,41.4777956,830,9.1,1.5,Ä°simsiz,gÃ¶l,565.4,TÄ±nlÄ±-Kumlu,6.5,1.2,orta,380,2650,11.2,Karasal,farmland,,OpenStreetMap,74,"suya Ã§ok yakÄ±n, orta eÄŸim, orta rakÄ±m, orta toprak, uygun yaÄŸÄ±ÅŸ, ideal gÃ¼neÅŸlenme, mevcut tarÄ±m arazisi",ğŸ’§ Su: 1.5km (Ä°simsiz) - MÃœKEMMEL | ğŸ“ EÄŸim: %9.1 - Ä°YÄ° | â›°ï¸ RakÄ±m: 830m - Ä°YÄ° | ğŸ™ï¸ Åehir: 565.4km - UZAK | ğŸŒ± Toprak: TÄ±nlÄ±-Kumlu (pH:6.5) - ORTA | ğŸŒ§ï¸ YaÄŸÄ±ÅŸ: 380mm - Ä°YÄ° | â˜€ï¸ GÃ¼neÅŸlenme: 2650saat - MÃœKEMMEL | ğŸï¸ Arazi: farmland - BONUS,VERÄ°MLÄ°
37.2789068,41.4775778,993,8.0,1.5,Ä°simsiz,gÃ¶l,753.9,TÄ±nlÄ±-Kumlu,6.5,1.2,orta,380,2650,11.2,Karasal,farmland,,OpenStreetMap,74,"suya Ã§ok yakÄ±n, orta eÄŸim, orta rakÄ±m, orta toprak, uygun yaÄŸÄ±ÅŸ, ideal gÃ¼neÅŸlenme, mevcut tarÄ±m arazisi",ğŸ’§ Su: 1.5km (Ä°simsiz) - MÃœKEMMEL | ğŸ“ EÄŸim: %8.0 - Ä°YÄ° | â›°ï¸ RakÄ±m: 993m - Ä°YÄ° | ğŸ™ï¸ Åehir: 753.9km - UZAK | ğŸŒ± Toprak: TÄ±nlÄ±-Kumlu (pH:6.5) - ORTA | ğŸŒ§ï¸ YaÄŸÄ±ÅŸ: 380mm - Ä°YÄ° | â˜€ï¸ GÃ¼neÅŸlenme: 2650saat - MÃœKEMMEL | ğŸï¸ Arazi: farmland - BONUS,VERÄ°MLÄ°
37.3167026,41.5438319,1155,12.7,0.8,Ä°simsiz,gÃ¶l,604.2,TaÅŸlÄ±-Kumlu,5.8,0.7,dÃ¼ÅŸÃ¼k,380,2650,11.2,Karasal,farmland,,OpenStreetMap,63,"suya Ã§ok yakÄ±n, yÃ¼ksek eÄŸim, orta rakÄ±m, uygun yaÄŸÄ±ÅŸ, ideal gÃ¼neÅŸlenme, mevcut tarÄ±m arazisi",ğŸ’§ Su: 0.8km (Ä°simsiz) - MÃœKEMMEL | ğŸ“ EÄŸim: %12.7 - ORTA | â›°ï¸ RakÄ±m: 1155m - Ä°YÄ° | ğŸ™ï¸ Åehir: 604.2km - UZAK | ğŸŒ± Toprak: TaÅŸlÄ±-Kumlu (pH:5.8) - DÃœÅÃœK | ğŸŒ§ï¸ YaÄŸÄ±ÅŸ: 380mm - Ä°YÄ° | â˜€ï¸ GÃ¼neÅŸlenme: 2650saat - MÃœKEMMEL | ğŸï¸ Arazi: farmland - BONUS,ORTA VERÄ°MLÄ°
37.318064,41.5429926,801,6.7,0.6,Ä°simsiz,gÃ¶l,636.4,TÄ±nlÄ±-Kumlu,6.5,1.2,orta,380,2650,11.2,Karasal,farmland,,OpenStreetMap,74,"suya Ã§ok yakÄ±n, orta eÄŸim, orta rakÄ±m, orta toprak, uygun yaÄŸÄ±ÅŸ, ideal gÃ¼neÅŸlenme, mevcut tarÄ±m arazisi",ğŸ’§ Su: 0.6km (Ä°simsiz) - MÃœKEMMEL | ğŸ“ EÄŸim: %6.7 - Ä°YÄ° | â›°ï¸ RakÄ±m: 801m - Ä°YÄ° | ğŸ™ï¸ Åehir: 636.4km - UZAK | ğŸŒ± Toprak: TÄ±nlÄ±-Kumlu (pH:6.5) - ORTA | ğŸŒ§ï¸ YaÄŸÄ±ÅŸ: 380mm - Ä°YÄ° | â˜€ï¸ GÃ¼neÅŸlenme: 2650saat - MÃœKEMMEL | ğŸï¸ Arazi: farmland - BONUS,VERÄ°MLÄ°
37.2755058,41.4783342,1159,9.4,1.2,Ä°simsiz,gÃ¶l,804.3,TaÅŸlÄ±-Kumlu,5.8,0.7,dÃ¼ÅŸÃ¼k,380,2650,11.2,Karasal,farmland,,OpenStreetMap,70,"suya Ã§ok yakÄ±n, orta eÄŸim, orta rakÄ±m, uygun yaÄŸÄ±ÅŸ, ideal gÃ¼neÅŸlenme, mevcut tarÄ±m arazisi",ğŸ’§ Su: 1.2km (Ä°simsiz) - MÃœKEMMEL | ğŸ“ EÄŸim: %9.4 - Ä°YÄ° | â›°ï¸ RakÄ±m: 1159m - Ä°YÄ° | ğŸ™ï¸ Åehir: 804.3km - UZAK | ğŸŒ± Toprak: TaÅŸlÄ±-Kumlu (pH:5.8) - DÃœÅÃœK | ğŸŒ§ï¸ YaÄŸÄ±ÅŸ: 380mm - Ä°YÄ° | â˜€ï¸ GÃ¼neÅŸlenme: 2650saat - MÃœKEMMEL | ğŸï¸ Arazi: farmland - BONUS,VERÄ°MLÄ°
37.3184569,41.5416243,1165,14.9,0.5,Ä°simsiz,gÃ¶l,618.2,TaÅŸlÄ±-Kumlu,5.8,0.7,dÃ¼ÅŸÃ¼k,380,2650,11.2,Karasal,farmland,,OpenStreetMap,63,"suya Ã§ok yakÄ±n, yÃ¼ksek eÄŸim, orta rakÄ±m, uygun yaÄŸÄ±ÅŸ, ideal gÃ¼neÅŸlenme, mevcut tarÄ±m arazisi",ğŸ’§ Su: 0.5km (Ä°simsiz) - MÃœKEMMEL | ğŸ“ EÄŸim: %14.9 - ORTA | â›°ï¸ RakÄ±m: 1165m - Ä°YÄ° | ğŸ™ï¸ Åehir: 618.2km - UZAK | ğŸŒ± Toprak: TaÅŸlÄ±-Kumlu (pH:5.8) - DÃœÅÃœK | ğŸŒ§ï¸ YaÄŸÄ±ÅŸ: 380mm - Ä°YÄ° | â˜€ï¸ GÃ¼neÅŸlenme: 2650saat - MÃœKEMMEL | ğŸï¸ Arazi: farmland - BONUS,ORTA VERÄ°MLÄ°
37.2757065,41.4865464,913,5.3,0.7,Ä°simsiz,gÃ¶l,672.5,TÄ±nlÄ±-Kumlu,6.5,1.2,orta,380,2650,11.2,Karasal,farmland,,OpenStreetMap,74,"suya Ã§ok yakÄ±n, orta eÄŸim, orta rakÄ±m, orta toprak, uygun yaÄŸÄ±ÅŸ, ideal gÃ¼neÅŸlenme, mevcut tarÄ±m arazisi",ğŸ’§ Su: 0.7km (Ä°simsiz) - MÃœKEMMEL | ğŸ“ EÄŸim: %5.3 - Ä°YÄ° | â›°ï¸ RakÄ±m: 913m - Ä°YÄ° | ğŸ™ï¸ Åehir: 672.5km - UZAK | ğŸŒ± Toprak: TÄ±nlÄ±-Kumlu (pH:6.5) - ORTA | ğŸŒ§ï¸ YaÄŸÄ±ÅŸ: 380mm - Ä°YÄ° | â˜€ï¸ GÃ¼neÅŸlenme: 2650saat - MÃœKEMMEL | ğŸï¸ Arazi: farmland - BONUS,VERÄ°MLÄ°
37.2766727,41.4866227,1160,13.6,0.8,Ä°simsiz,gÃ¶l,756.6,TaÅŸlÄ±-Kumlu,5.8,0.7,dÃ¼ÅŸÃ¼k,380,2650,11.2,Karasal,farmland,,OpenStreetMap,63,"suya Ã§ok yakÄ±n, yÃ¼ksek eÄŸim, orta rakÄ±m, uygun yaÄŸÄ±ÅŸ, ideal gÃ¼neÅŸlenme, mevcut tarÄ±m arazisi",ğŸ’§ Su: 0.8km (Ä°simsiz) - MÃœKEMMEL | ğŸ“ EÄŸim: %13.6 - ORTA | â›°ï¸ RakÄ±m: 1160m - Ä°YÄ° | ğŸ™ï¸ Åehir: 756.6km - UZAK | ğŸŒ± Toprak: TaÅŸlÄ±-Kumlu (pH:5.8) - DÃœÅÃœK | ğŸŒ§ï¸ YaÄŸÄ±ÅŸ: 380mm - Ä°YÄ° | â˜€ï¸ GÃ¼neÅŸlenme: 2650saat - MÃœKEMMEL | ğŸï¸ Arazi: farmland - BONUS,ORTA VERÄ°MLÄ°
37.2774546,41.4778312,917,8.4,1.4,Ä°simsiz,gÃ¶l,814.3,TÄ±nlÄ±-Kumlu,6.5,1.2,orta,380,2650,11.2,Karasal,farmland,,OpenStreetMap,74,"suya Ã§ok yakÄ±n, orta eÄŸim, orta rakÄ±m, orta toprak, uygun yaÄŸÄ±ÅŸ, ideal gÃ¼neÅŸlenme, mevcut tarÄ±m arazisi",ğŸ’§ Su: 1.4km (Ä°simsiz) - MÃœKEMMEL | ğŸ“ EÄŸim: %8.4 - Ä°YÄ° | â›°ï¸ RakÄ±m: 917m - Ä°YÄ° | ğŸ™ï¸ Åehir: 814.3km - UZAK | ğŸŒ± Toprak: TÄ±nlÄ±-Kumlu (pH:6.5) - ORTA | ğŸŒ§ï¸ YaÄŸÄ±ÅŸ: 380mm - Ä°YÄ° | â˜€ï¸ GÃ¼neÅŸlenme: 2650saat - MÃœKEMMEL | ğŸï¸ Arazi: farmland - BONUS,VERÄ°MLÄ°
37.3157214,41.5419189,993,6.7,0.8,Ä°simsiz,gÃ¶l,765.0,TÄ±nlÄ±-Kumlu,6.5,1.2,orta,380,2650,11.2,Karasal,farmland,,OpenStreetMap,74,"suya Ã§ok yakÄ±n, orta eÄŸim, orta rakÄ±m, orta toprak, uygun yaÄŸÄ±ÅŸ, ideal gÃ¼neÅŸlenme, mevcut tarÄ±m arazisi",ğŸ’§ Su: 0.8km (Ä°simsiz) - MÃœKEMMEL | ğŸ“ EÄŸim: %6.7 - Ä°YÄ° | â›°ï¸ RakÄ±m: 993m - Ä°YÄ° | ğŸ™ï¸ Åehir: 765.0km - UZAK | ğŸŒ± Toprak: TÄ±nlÄ±-Kumlu (pH:6.5) - ORTA | ğŸŒ§ï¸ YaÄŸÄ±ÅŸ: 380mm - Ä°YÄ° | â˜€ï¸ GÃ¼neÅŸlenme: 2650saat - MÃœKEMMEL | ğŸï¸ Arazi: farmland - BONUS,VERÄ°MLÄ°
37.3215031,41.5435739,848,9.2,0.5,Ä°simsiz,gÃ¶l,736.9,TÄ±nlÄ±-Kumlu,6.5,1.2,orta,380,2650,11.2,Karasal,farmland,,OpenStreetMap,74,"suya Ã§ok yakÄ±n, orta eÄŸim, orta rakÄ±m, orta toprak, uygun yaÄŸÄ±ÅŸ, ideal gÃ¼neÅŸlenme, mevcut tarÄ±m arazisi",ğŸ’§ Su: 0.5km (Ä°simsiz) - MÃœKEMMEL | ğŸ“ EÄŸim: %9.2 - Ä°YÄ° | â›°ï¸ RakÄ±m: 848m - Ä°YÄ° | ğŸ™ï¸ Åehir: 736.9km - UZAK | ğŸŒ± Toprak: TÄ±nlÄ±-Kumlu (pH:6.5) - ORTA | ğŸŒ§ï¸ YaÄŸÄ±ÅŸ: 380mm - Ä°YÄ° | â˜€ï¸ GÃ¼neÅŸlenme: 2650saat - MÃœKEMMEL | ğŸï¸ Arazi: farmland - BONUS,VERÄ°MLÄ°
37.2759877,41.4780352,902,7.0,1.3,Ä°simsiz,gÃ¶l,564.6,TÄ±nlÄ±-Kumlu,6.5,1.2,orta,380,2650,11.2,Karasal,farmland,,OpenStreetMap,74,"suya Ã§ok yakÄ±n, orta eÄŸim, orta rakÄ±m, orta toprak, uygun yaÄŸÄ±ÅŸ, ideal gÃ¼neÅŸlenme, mevcut tarÄ±m arazisi",ğŸ’§ Su: 1.3km (Ä°simsiz) - MÃœKEMMEL | ğŸ“ EÄŸim: %7.0 - Ä°YÄ° | â›°ï¸ RakÄ±m: 902m - Ä°YÄ° | ğŸ™ï¸ Åehir: 564.6km - UZAK | ğŸŒ± Toprak: TÄ±nlÄ±-Kumlu (pH:6.5) - ORTA | ğŸŒ§ï¸ YaÄŸÄ±ÅŸ: 380mm - Ä°YÄ° | â˜€ï¸ GÃ¼neÅŸlenme: 2650saat - MÃœKEMMEL | ğŸï¸ Arazi: farmland - BONUS,VERÄ°MLÄ°
37.3165652,41.5429339,1128,9.9,0.8,Ä°simsiz,gÃ¶l,755.1,TaÅŸlÄ±-Kumlu,5.8,0.7,dÃ¼ÅŸÃ¼k,380,2650,11.2,Karasal,farmland,,OpenStreetMap,70,"suya Ã§ok yakÄ±n, orta eÄŸim, orta rakÄ±m, uygun yaÄŸÄ±ÅŸ, ideal gÃ¼neÅŸlenme, mevcut tarÄ±m arazisi",ğŸ’§ Su: 0.8km (Ä°simsiz) - MÃœKEMMEL | ğŸ“ EÄŸim: %9.9 - Ä°YÄ° | â›°ï¸ RakÄ±m: 1128m - Ä°YÄ° | ğŸ™ï¸ Åehir: 755.1km - UZAK | ğŸŒ± Toprak: TaÅŸlÄ±-Kumlu (pH:5.8) - DÃœÅÃœK | ğŸŒ§ï¸ YaÄŸÄ±ÅŸ: 380mm - Ä°YÄ° | â˜€ï¸ GÃ¼neÅŸlenme: 2650saat - MÃœKEMMEL | ğŸï¸ Arazi: farmland - BONUS,VERÄ°MLÄ°
37.2764669,41.4780331,1111,10.1,1.3,Ä°simsiz,gÃ¶l,662.4,TaÅŸlÄ±-Kumlu,5.8,0.7,dÃ¼ÅŸÃ¼k,380,2650,11.2,Karasal,farmland,,OpenStreetMap,63,"suya Ã§ok yakÄ±n, yÃ¼ksek eÄŸim, orta rakÄ±m, uygun yaÄŸÄ±ÅŸ, ideal gÃ¼neÅŸlenme, mevcut tarÄ±m arazisi",ğŸ’§ Su: 1.3km (Ä°simsiz) - MÃœKEMMEL | ğŸ“ EÄŸim: %10.1 - ORTA | â›°ï¸ RakÄ±m: 1111m - Ä°YÄ° | ğŸ™ï¸ Åehir: 662.4km - UZAK | ğŸŒ± Toprak: TaÅŸlÄ±-Kumlu (pH:5.8) - DÃœÅÃœK | ğŸŒ§ï¸ YaÄŸÄ±ÅŸ: 380mm - Ä°YÄ° | â˜€ï¸ GÃ¼neÅŸlenme: 2650saat - MÃœKEMMEL | ğŸï¸ Arazi: farmland - BONUS,ORTA VERÄ°MLÄ°
37.5129736,41.9372374,821,5.9,3.1,Ä°simsiz,gÃ¶l,741.7,TÄ±nlÄ±-Kumlu,6.5,1.2,orta,380,2650,11.2,Karasal,orchard,,OpenStreetMap,74,"suya Ã§ok yakÄ±n, orta eÄŸim, orta rakÄ±m, orta toprak, uygun yaÄŸÄ±ÅŸ, ideal gÃ¼neÅŸlenme, mevcut tarÄ±m arazisi",ğŸ’§ Su: 3.1km (Ä°simsiz) - MÃœKEMMEL | ğŸ“ EÄŸim: %5.9 - Ä°YÄ° | â›°ï¸ RakÄ±m: 821m - Ä°YÄ° | ğŸ™ï¸ Åehir: 741.7km - UZAK | ğŸŒ± Toprak: TÄ±nlÄ±-Kumlu (pH:6.5) - ORTA | ğŸŒ§ï¸ YaÄŸÄ±ÅŸ: 380mm - Ä°YÄ° | â˜€ï¸ GÃ¼neÅŸlenme: 2650saat - MÃœKEMMEL | ğŸï¸ Arazi: orchard - BONUS,VERÄ°MLÄ°
37.5122473,41.9382306,893,7.7,3.1,Ä°simsiz,gÃ¶l,736.6,TÄ±nlÄ±-Kumlu,6.5,1.2,orta,380,2650,11.2,Karasal,orchard,,OpenStreetMap,74,"suya Ã§ok yakÄ±n, orta eÄŸim, orta rakÄ±m, orta toprak, uygun yaÄŸÄ±ÅŸ, ideal gÃ¼neÅŸlenme, mevcut tarÄ±m arazisi",ğŸ’§ Su: 3.1km (Ä°simsiz) - MÃœKEMMEL | ğŸ“ EÄŸim: %7.7 - Ä°YÄ° | â›°ï¸ RakÄ±m: 893m - Ä°YÄ° | ğŸ™ï¸ Åehir: 736.6km - UZAK | ğŸŒ± Toprak: TÄ±nlÄ±-Kumlu (pH:6.5) - ORTA | ğŸŒ§ï¸ YaÄŸÄ±ÅŸ: 380mm - Ä°YÄ° | â˜€ï¸ GÃ¼neÅŸlenme: 2650saat - MÃœKEMMEL | ğŸï¸ Arazi: orchard - BONUS,VERÄ°MLÄ°
37.5181549,41.9443509,1157,10.6,4.0,Ä°simsiz,gÃ¶l,658.2,TaÅŸlÄ±-Kumlu,5.8,0.7,dÃ¼ÅŸÃ¼k,380,2650,11.2,Karasal,orchard,,OpenStreetMap,63,"suya Ã§ok yakÄ±n, yÃ¼ksek eÄŸim, orta rakÄ±m, uygun yaÄŸÄ±ÅŸ, ideal gÃ¼neÅŸlenme, mevcut tarÄ±m arazisi",ğŸ’§ Su: 4.0km (Ä°simsiz) - MÃœKEMMEL | ğŸ“ EÄŸim: %10.6 - ORTA | â›°ï¸ RakÄ±m: 1157m - Ä°YÄ° | ğŸ™ï¸ Åehir: 658.2km - UZAK | ğŸŒ± Toprak: TaÅŸlÄ±-Kumlu (pH:5.8) - DÃœÅÃœK | ğŸŒ§ï¸ YaÄŸÄ±ÅŸ: 380mm - Ä°YÄ° | â˜€ï¸ GÃ¼neÅŸlenme: 2650saat - MÃœKEMMEL | ğŸï¸ Arazi: orchard - BONUS,ORTA VERÄ°MLÄ°
37.5734122,41.5183406,854,5.3,5.0,GÃ¶let,gÃ¶l,664.6,TÄ±nlÄ±-Kumlu,6.5,1.2,orta,380,2650,11.2,Karasal,orchard,,OpenStreetMap,74,"suya Ã§ok yakÄ±n, orta eÄŸim, orta rakÄ±m, orta toprak, uygun yaÄŸÄ±ÅŸ, ideal gÃ¼neÅŸlenme, mevcut tarÄ±m arazisi",ğŸ’§ Su: 5.0km (GÃ¶let) - MÃœKEMMEL | ğŸ“ EÄŸim: %5.3 - Ä°YÄ° | â›°ï¸ RakÄ±m: 854m - Ä°YÄ° | ğŸ™ï¸ Åehir: 664.6km - UZAK | ğŸŒ± Toprak: TÄ±nlÄ±-Kumlu (pH:6.5) - ORTA | ğŸŒ§ï¸ YaÄŸÄ±ÅŸ: 380mm - Ä°YÄ° | â˜€ï¸ GÃ¼neÅŸlenme: 2650saat - MÃœKEMMEL | ğŸï¸ Arazi: orchard - BONUS,VERÄ°MLÄ°
37.5816893,41.5357752,1173,8.9,4.7,GÃ¶let,gÃ¶l,793.7,TaÅŸlÄ±-Kumlu,5.8,0.7,dÃ¼ÅŸÃ¼k,380,2650,11.2,Karasal,farmland,,OpenStreetMap,70,"suya Ã§ok yakÄ±n, orta eÄŸim, orta rakÄ±m, uygun yaÄŸÄ±ÅŸ, ideal gÃ¼neÅŸlenme, mevcut tarÄ±m arazisi",ğŸ’§ Su: 4.7km (GÃ¶let) - MÃœKEMMEL | ğŸ“ EÄŸim: %8.9 - Ä°YÄ° | â›°ï¸ RakÄ±m: 1173m - Ä°YÄ° | ğŸ™ï¸ Åehir: 793.7km - UZAK | ğŸŒ± Toprak: TaÅŸlÄ±-Kumlu (pH:5.8) - DÃœÅÃœK | ğŸŒ§ï¸ YaÄŸÄ±ÅŸ: 380mm - Ä°YÄ° | â˜€ï¸ GÃ¼neÅŸlenme: 2650saat - MÃœKEMMEL | ğŸï¸ Arazi: farmland - BONUS,VERÄ°MLÄ°
37.5709516,41.5178517,894,8.2,5.3,GÃ¶let,gÃ¶l,654.0,TÄ±nlÄ±-Kumlu,6.5,1.2,orta,380,2650,11.2,Karasal,farmland,,OpenStreetMap,67,"suya yakÄ±n, orta eÄŸim, orta rakÄ±m, orta toprak, uygun yaÄŸÄ±ÅŸ, ideal gÃ¼neÅŸlenme, mevcut tarÄ±m arazisi",ğŸ’§ Su: 5.3km (GÃ¶let) - Ä°YÄ° | ğŸ“ EÄŸim: %8.2 - Ä°YÄ° | â›°ï¸ RakÄ±m: 894m - Ä°YÄ° | ğŸ™ï¸ Åehir: 654.0km - UZAK | ğŸŒ± Toprak: TÄ±nlÄ±-Kumlu (pH:6.5) - ORTA | ğŸŒ§ï¸ YaÄŸÄ±ÅŸ: 380mm - Ä°YÄ° | â˜€ï¸ GÃ¼neÅŸlenme: 2650saat - MÃœKEMMEL | ğŸï¸ Arazi: farmland - BONUS,ORTA VERÄ°MLÄ°
37.7205797,41.8392784,1021,8.9,0.8,Ä°simsiz,Ã§ay,615.8,TaÅŸlÄ±-Kumlu,5.8,0.7,dÃ¼ÅŸÃ¼k,380,2650,11.2,Karasal,orchard,,OpenStreetMap,70,"suya Ã§ok yakÄ±n, orta eÄŸim, orta rakÄ±m, uygun yaÄŸÄ±ÅŸ, ideal gÃ¼neÅŸlenme, mevcut tarÄ±m arazisi",ğŸ’§ Su: 0.8km (Ä°simsiz) - MÃœKEMMEL | ğŸ“ EÄŸim: %8.9 - Ä°YÄ° | â›°ï¸ RakÄ±m: 1021m - Ä°YÄ° | ğŸ™ï¸ Åehir: 615.8km - UZAK | ğŸŒ± Toprak: TaÅŸlÄ±-Kumlu (pH:5.8) - DÃœÅÃœK | ğŸŒ§ï¸ YaÄŸÄ±ÅŸ: 380mm - Ä°YÄ° | â˜€ï¸ GÃ¼neÅŸlenme: 2650saat - MÃœKEMMEL | ğŸï¸ Arazi: orchard - BONUS,VERÄ°MLÄ°
37.5343339,41.9003738,872,8.4,1.7,Ä°simsiz,Ã§ay,714.1,TÄ±nlÄ±-Kumlu,6.5,1.2,orta,380,2650,11.2,Karasal,orchard,,OpenStreetMap,74,"suya Ã§ok yakÄ±n, orta eÄŸim, orta rakÄ±m, orta toprak, uygun yaÄŸÄ±ÅŸ, ideal gÃ¼neÅŸlenme, mevcut tarÄ±m arazisi",ğŸ’§ Su: 1.7km (Ä°simsiz) - MÃœKEMMEL | ğŸ“ EÄŸim: %8.4 - Ä°YÄ° | â›°ï¸ RakÄ±m: 872m - Ä°YÄ° | ğŸ™ï¸ Åehir: 714.1km - UZAK | ğŸŒ± Toprak: TÄ±nlÄ±-Kumlu (pH:6.5) - ORTA | ğŸŒ§ï¸ YaÄŸÄ±ÅŸ: 380mm - Ä°YÄ° | â˜€ï¸ GÃ¼neÅŸlenme: 2650saat - MÃœKEMMEL | ğŸï¸ Arazi: orchard - BONUS,VERÄ°MLÄ°
37.8177292,41.6128484,1197,13.6,2.5,Ä°simsiz,gÃ¶l,706.3,TaÅŸlÄ±-Kumlu,5.8,0.7,dÃ¼ÅŸÃ¼k,380,2650,11.2,Karasal,orchard,,OpenStreetMap,63,"suya Ã§ok yakÄ±n, yÃ¼ksek eÄŸim, orta rakÄ±m, uygun yaÄŸÄ±ÅŸ, ideal gÃ¼neÅŸlenme, mevcut tarÄ±m arazisi",ğŸ’§ Su: 2.5km (Ä°simsiz) - MÃœKEMMEL | ğŸ“ EÄŸim: %13.6 - ORTA | â›°ï¸ RakÄ±m: 1197m - Ä°YÄ° | ğŸ™ï¸ Åehir: 706.3km - UZAK | ğŸŒ± Toprak: TaÅŸlÄ±-Kumlu (pH:5.8) - DÃœÅÃœK | ğŸŒ§ï¸ YaÄŸÄ±ÅŸ: 380mm - Ä°YÄ° | â˜€ï¸ GÃ¼neÅŸlenme: 2650saat - MÃœKEMMEL | ğŸï¸ Arazi: orchard - BONUS,ORTA VERÄ°MLÄ°
37.7804994,41.6127877,1144,11.8,0.1,Ä°simsiz,Ã§ay,752.5,TaÅŸlÄ±-Kumlu,5.8,0.7,dÃ¼ÅŸÃ¼k,380,2650,11.2,Karasal,farmland,,OpenStreetMap,63,"suya Ã§ok yakÄ±n, yÃ¼ksek eÄŸim, orta rakÄ±m, uygun yaÄŸÄ±ÅŸ, ideal gÃ¼neÅŸlenme, mevcut tarÄ±m arazisi",ğŸ’§ Su: 0.1km (Ä°simsiz) - MÃœKEMMEL | ğŸ“ EÄŸim: %11.8 - ORTA | â›°ï¸ RakÄ±m: 1144m - Ä°YÄ° | ğŸ™ï¸ Åehir: 752.5km - UZAK | ğŸŒ± Toprak: TaÅŸlÄ±-Kumlu (pH:5.8) - DÃœÅÃœK | ğŸŒ§ï¸ YaÄŸÄ±ÅŸ: 380mm - Ä°YÄ° | â˜€ï¸ GÃ¼neÅŸlenme: 2650saat - MÃœKEMMEL | ğŸï¸ Arazi: farmland - BONUS,ORTA VERÄ°MLÄ°
37.9600075,41.8575377,866,9.0,1.5,Kezer Ã‡ayÄ±,nehir,823.3,TÄ±nlÄ±-Kumlu,6.5,1.2,orta,380,2650,11.2,Karasal,farmland,,OpenStreetMap,74,"suya Ã§ok yakÄ±n, orta eÄŸim, orta rakÄ±m, orta toprak, uygun yaÄŸÄ±ÅŸ, ideal gÃ¼neÅŸlenme, mevcut tarÄ±m arazisi",ğŸ’§ Su: 1.5km (Kezer Ã‡ayÄ±) - MÃœKEMMEL | ğŸ“ EÄŸim: %9.0 - Ä°YÄ° | â›°ï¸ RakÄ±m: 866m - Ä°YÄ° | ğŸ™ï¸ Åehir: 823.3km - UZAK | ğŸŒ± Toprak: TÄ±nlÄ±-Kumlu (pH:6.5) - ORTA | ğŸŒ§ï¸ YaÄŸÄ±ÅŸ: 380mm - Ä°YÄ° | â˜€ï¸ GÃ¼neÅŸlenme: 2650saat - MÃœKEMMEL | ğŸï¸ Arazi: farmland - BONUS,VERÄ°MLÄ°
37.7826014,41.6158823,974,5.6,0.5,Ä°simsiz,Ã§ay,655.0,TÄ±nlÄ±-Kumlu,6.5,1.2,orta,380,2650,11.2,Karasal,farmland,,OpenStreetMap,74,"suya Ã§ok yakÄ±n, orta eÄŸim, orta rakÄ±m, orta toprak, uygun yaÄŸÄ±ÅŸ, ideal gÃ¼neÅŸlenme, mevcut tarÄ±m arazisi",ğŸ’§ Su: 0.5km (Ä°simsiz) - MÃœKEMMEL | ğŸ“ EÄŸim: %5.6 - Ä°YÄ° | â›°ï¸ RakÄ±m: 974m - Ä°YÄ° | ğŸ™ï¸ Åehir: 655.0km - UZAK | ğŸŒ± Toprak: TÄ±nlÄ±-Kumlu (pH:6.5) - ORTA | ğŸŒ§ï¸ YaÄŸÄ±ÅŸ: 380mm - Ä°YÄ° | â˜€ï¸ GÃ¼neÅŸlenme: 2650saat - MÃœKEMMEL | ğŸï¸ Arazi: farmland - BONUS,VERÄ°MLÄ°
37.7853596,41.6200834,1170,11.1,0.4,Ä°simsiz,Ã§ay,647.7,TaÅŸlÄ±-Kumlu,5.8,0.7,dÃ¼ÅŸÃ¼k,380,2650,11.2,Karasal,farmland,,OpenStreetMap,63,"suya Ã§ok yakÄ±n, yÃ¼ksek eÄŸim, orta rakÄ±m, uygun yaÄŸÄ±ÅŸ, ideal gÃ¼neÅŸlenme, mevcut tarÄ±m arazisi",ğŸ’§ Su: 0.4km (Ä°simsiz) - MÃœKEMMEL | ğŸ“ EÄŸim: %11.1 - ORTA | â›°ï¸ RakÄ±m: 1170m - Ä°YÄ° | ğŸ™ï¸ Åehir: 647.7km - UZAK | ğŸŒ± Toprak: TaÅŸlÄ±-Kumlu (pH:5.8) - DÃœÅÃœK | ğŸŒ§ï¸ YaÄŸÄ±ÅŸ: 380mm - Ä°YÄ° | â˜€ï¸ GÃ¼neÅŸlenme: 2650saat - MÃœKEMMEL | ğŸï¸ Arazi: farmland - BONUS,ORTA VERÄ°MLÄ°
37.7911821,41.6239298,902,9.1,0.9,Ä°simsiz,Ã§ay,768.9,TÄ±nlÄ±-Kumlu,6.5,1.2,orta,380,2650,11.2,Karasal,farmland,,OpenStreetMap,74,"suya Ã§ok yakÄ±n, orta eÄŸim, orta rakÄ±m, orta toprak, uygun yaÄŸÄ±ÅŸ, ideal gÃ¼neÅŸlenme, mevcut tarÄ±m arazisi",ğŸ’§ Su: 0.9km (Ä°simsiz) - MÃœKEMMEL | ğŸ“ EÄŸim: %9.1 - Ä°YÄ° | â›°ï¸ RakÄ±m: 902m - Ä°YÄ° | ğŸ™ï¸ Åehir: 768.9km - UZAK | ğŸŒ± Toprak: TÄ±nlÄ±-Kumlu (pH:6.5) - ORTA | ğŸŒ§ï¸ YaÄŸÄ±ÅŸ: 380mm - Ä°YÄ° | â˜€ï¸ GÃ¼neÅŸlenme: 2650saat - MÃœKEMMEL | ğŸï¸ Arazi: farmland - BONUS,VERÄ°MLÄ°
40.7236867,41.8012125,509,7.4,1.4,Ä°simsiz,Ã§ay,915.3,TÄ±nlÄ±-Kumlu,6.5,1.2,orta,850,1950,14.0,Karadeniz,farmland,,OpenStreetMap,79,"suya Ã§ok yakÄ±n, orta eÄŸim, dÃ¼ÅŸÃ¼k rakÄ±m, orta toprak, uygun yaÄŸÄ±ÅŸ, ideal gÃ¼neÅŸlenme, mevcut tarÄ±m arazisi",ğŸ’§ Su: 1.4km (Ä°simsiz) - MÃœKEMMEL | ğŸ“ EÄŸim: %7.4 - Ä°YÄ° | â›°ï¸ RakÄ±m: 509m - MÃœKEMMEL | ğŸ™ï¸ Åehir: 915.3km - UZAK | ğŸŒ± Toprak: TÄ±nlÄ±-Kumlu (pH:6.5) - ORTA | ğŸŒ§ï¸ YaÄŸÄ±ÅŸ: 850mm - Ä°YÄ° | â˜€ï¸ GÃ¼neÅŸlenme: 1950saat - MÃœKEMMEL | ğŸï¸ Arazi: farmland - BONUS,VERÄ°MLÄ°
37.7811638,41.6144383,1158,14.7,0.3,Ä°simsiz,Ã§ay,798.8,TaÅŸlÄ±-Kumlu,5.8,0.7,dÃ¼ÅŸÃ¼k,380,2650,11.2,Karasal,farmland,,OpenStreetMap,63,"suya Ã§ok yakÄ±n, yÃ¼ksek eÄŸim, orta rakÄ±m, uygun yaÄŸÄ±ÅŸ, ideal gÃ¼neÅŸlenme, mevcut tarÄ±m arazisi",ğŸ’§ Su: 0.3km (Ä°simsiz) - MÃœKEMMEL | ğŸ“ EÄŸim: %14.7 - ORTA | â›°ï¸ RakÄ±m: 1158m - Ä°YÄ° | ğŸ™ï¸ Åehir: 798.8km - UZAK | ğŸŒ± Toprak: TaÅŸlÄ±-Kumlu (pH:5.8) - DÃœÅÃœK | ğŸŒ§ï¸ YaÄŸÄ±ÅŸ: 380mm - Ä°YÄ° | â˜€ï¸ GÃ¼neÅŸlenme: 2650saat - MÃœKEMMEL | ğŸï¸ Arazi: farmland - BONUS,ORTA VERÄ°MLÄ°
40.7214448,41.8004911,543,7.1,1.6,Ä°simsiz,Ã§ay,752.7,TÄ±nlÄ±-Kumlu,6.5,1.2,orta,850,1950,14.0,Karadeniz,farmland,,OpenStreetMap,79,"suya Ã§ok yakÄ±n, orta eÄŸim, dÃ¼ÅŸÃ¼k rakÄ±m, orta toprak, uygun yaÄŸÄ±ÅŸ, ideal gÃ¼neÅŸlenme, mevcut tarÄ±m arazisi",ğŸ’§ Su: 1.6km (Ä°simsiz) - MÃœKEMMEL | ğŸ“ EÄŸim: %7.1 - Ä°YÄ° | â›°ï¸ RakÄ±m: 543m - MÃœKEMMEL | ğŸ™ï¸ Åehir: 752.7km - UZAK | ğŸŒ± Toprak: TÄ±nlÄ±-Kumlu (pH:6.5) - ORTA | ğŸŒ§ï¸ YaÄŸÄ±ÅŸ: 850mm - Ä°YÄ° | â˜€ï¸ GÃ¼neÅŸlenme: 1950saat - MÃœKEMMEL | ğŸï¸ Arazi: farmland - BONUS,VERÄ°MLÄ°
40.752223,41.8280161,474,3.0,1.1,Ä°simsiz,gÃ¶l,861.3,Killi-TÄ±nlÄ±,7.1,1.8,orta-yÃ¼ksek,850,1950,14.0,Karadeniz,orchard,,OpenStreetMap,87,"suya Ã§ok yakÄ±n, dÃ¼ÅŸÃ¼k eÄŸim, dÃ¼ÅŸÃ¼k rakÄ±m, iyi toprak, uygun yaÄŸÄ±ÅŸ, ideal gÃ¼neÅŸlenme, mevcut tarÄ±m arazisi",ğŸ’§ Su: 1.1km (Ä°simsiz) - MÃœKEMMEL | ğŸ“ EÄŸim: %3.0 - MÃœKEMMEL | â›°ï¸ RakÄ±m: 474m - MÃœKEMMEL | ğŸ™ï¸ Åehir: 861.3km - UZAK | ğŸŒ± Toprak: Killi-TÄ±nlÄ± (pH:7.1) - Ä°YÄ° | ğŸŒ§ï¸ YaÄŸÄ±ÅŸ: 850mm - Ä°YÄ° | â˜€ï¸ GÃ¼neÅŸlenme: 1950saat - MÃœKEMMEL | ğŸï¸ Arazi: orchard - BONUS,Ã‡OK VERÄ°MLÄ°
37.1011549,36.6542866,1089,11.9,3.2,Ä°simsiz,gÃ¶l,150.5,TaÅŸlÄ±-Kumlu,5.8,0.7,dÃ¼ÅŸÃ¼k,380,2650,11.2,Karasal,orchard,,OpenStreetMap,63,"suya Ã§ok yakÄ±n, yÃ¼ksek eÄŸim, orta rakÄ±m, uygun yaÄŸÄ±ÅŸ, ideal gÃ¼neÅŸlenme, mevcut tarÄ±m arazisi",ğŸ’§ Su: 3.2km (Ä°simsiz) - MÃœKEMMEL | ğŸ“ EÄŸim: %11.9 - ORTA | â›°ï¸ RakÄ±m: 1089m - Ä°YÄ° | ğŸ™ï¸ Åehir: 150.5km - UZAK | ğŸŒ± Toprak: TaÅŸlÄ±-Kumlu (pH:5.8) - DÃœÅÃœK | ğŸŒ§ï¸ YaÄŸÄ±ÅŸ: 380mm - Ä°YÄ° | â˜€ï¸ GÃ¼neÅŸlenme: 2650saat - MÃœKEMMEL | ğŸï¸ Arazi: orchard - BONUS,ORTA VERÄ°MLÄ°
37.7924464,37.4740532,1156,8.4,0.1,Ä°simsiz,Ã§ay,218.8,TaÅŸlÄ±-Kumlu,5.8,0.7,dÃ¼ÅŸÃ¼k,380,2650,11.2,Karasal,orchard,,OpenStreetMap,70,"suya Ã§ok yakÄ±n, orta eÄŸim, orta rakÄ±m, uygun yaÄŸÄ±ÅŸ, ideal gÃ¼neÅŸlenme, mevcut tarÄ±m arazisi",ğŸ’§ Su: 0.1km (Ä°simsiz) - MÃœKEMMEL | ğŸ“ EÄŸim: %8.4 - Ä°YÄ° | â›°ï¸ RakÄ±m: 1156m - Ä°YÄ° | ğŸ™ï¸ Åehir: 218.8km - UZAK | ğŸŒ± Toprak: TaÅŸlÄ±-Kumlu (pH:5.8) - DÃœÅÃœK | ğŸŒ§ï¸ YaÄŸÄ±ÅŸ: 380mm - Ä°YÄ° | â˜€ï¸ GÃ¼neÅŸlenme: 2650saat - MÃœKEMMEL | ğŸï¸ Arazi: orchard - BONUS,VERÄ°MLÄ°
37.7925243,37.4778666,806,6.6,0.5,Ä°simsiz,Ã§ay,241.3,TÄ±nlÄ±-Kumlu,6.5,1.2,orta,380,2650,11.2,Karasal,orchard,,OpenStreetMap,74,"suya Ã§ok yakÄ±n, orta eÄŸim, orta rakÄ±m, orta toprak, uygun yaÄŸÄ±ÅŸ, ideal gÃ¼neÅŸlenme, mevcut tarÄ±m arazisi",ğŸ’§ Su: 0.5km (Ä°simsiz) - MÃœKEMMEL | ğŸ“ EÄŸim: %6.6 - Ä°YÄ° | â›°ï¸ RakÄ±m: 806m - Ä°YÄ° | ğŸ™ï¸ Åehir: 241.3km - UZAK | ğŸŒ± Toprak: TÄ±nlÄ±-Kumlu (pH:6.5) - ORTA | ğŸŒ§ï¸ YaÄŸÄ±ÅŸ: 380mm - Ä°YÄ° | â˜€ï¸ GÃ¼neÅŸlenme: 2650saat - MÃœKEMMEL | ğŸï¸ Arazi: orchard - BONUS,VERÄ°MLÄ°
38.2297301,38.2985889,905,6.7,1.5,Ä°simsiz,Ã§ay,293.1,TÄ±nlÄ±-Kumlu,6.5,1.2,orta,380,2650,11.2,Karasal,orchard,,OpenStreetMap,74,"suya Ã§ok yakÄ±n, orta eÄŸim, orta rakÄ±m, orta toprak, uygun yaÄŸÄ±ÅŸ, ideal gÃ¼neÅŸlenme, mevcut tarÄ±m arazisi",ğŸ’§ Su: 1.5km (Ä°simsiz) - MÃœKEMMEL | ğŸ“ EÄŸim: %6.7 - Ä°YÄ° | â›°ï¸ RakÄ±m: 905m - Ä°YÄ° | ğŸ™ï¸ Åehir: 293.1km - UZAK | ğŸŒ± Toprak: TÄ±nlÄ±-Kumlu (pH:6.5) - ORTA | ğŸŒ§ï¸ YaÄŸÄ±ÅŸ: 380mm - Ä°YÄ° | â˜€ï¸ GÃ¼neÅŸlenme: 2650saat - MÃœKEMMEL | ğŸï¸ Arazi: orchard - BONUS,VERÄ°MLÄ°
37.7928727,37.4760158,875,5.2,0.3,Ä°simsiz,Ã§ay,250.6,TÄ±nlÄ±-Kumlu,6.5,1.2,orta,380,2650,11.2,Karasal,orchard,,OpenStreetMap,74,"suya Ã§ok yakÄ±n, orta eÄŸim, orta rakÄ±m, orta toprak, uygun yaÄŸÄ±ÅŸ, ideal gÃ¼neÅŸlenme, mevcut tarÄ±m arazisi",ğŸ’§ Su: 0.3km (Ä°simsiz) - MÃœKEMMEL | ğŸ“ EÄŸim: %5.2 - Ä°YÄ° | â›°ï¸ RakÄ±m: 875m - Ä°YÄ° | ğŸ™ï¸ Åehir: 250.6km - UZAK | ğŸŒ± Toprak: TÄ±nlÄ±-Kumlu (pH:6.5) - ORTA | ğŸŒ§ï¸ YaÄŸÄ±ÅŸ: 380mm - Ä°YÄ° | â˜€ï¸ GÃ¼neÅŸlenme: 2650saat - MÃœKEMMEL | ğŸï¸ Arazi: orchard - BONUS,VERÄ°MLÄ°
41.3119887,41.6216902,1195,13.6,2.6,Murgul Ã‡ayÄ±,nehir,907.9,TaÅŸlÄ±-Kumlu,5.8,0.7,dÃ¼ÅŸÃ¼k,450,2450,8.5,Sert Karasal,orchard,,OpenStreetMap,66,"suya Ã§ok yakÄ±n, yÃ¼ksek eÄŸim, orta rakÄ±m, ideal yaÄŸÄ±ÅŸ, ideal gÃ¼neÅŸlenme, mevcut tarÄ±m arazisi",ğŸ’§ Su: 2.6km (Murgul Ã‡ayÄ±) - MÃœKEMMEL | ğŸ“ EÄŸim: %13.6 - ORTA | â›°ï¸ RakÄ±m: 1195m - Ä°YÄ° | ğŸ™ï¸ Åehir: 907.9km - UZAK | ğŸŒ± Toprak: TaÅŸlÄ±-Kumlu (pH:5.8) - DÃœÅÃœK | ğŸŒ§ï¸ YaÄŸÄ±ÅŸ: 450mm - MÃœKEMMEL | â˜€ï¸ GÃ¼neÅŸlenme: 2450saat - MÃœKEMMEL | ğŸï¸ Arazi: orchard - BONUS,ORTA VERÄ°MLÄ°
39.0236983,39.2641965,725,10.0,1.1,Hozat Ã‡ayÄ±,nehir,522.8,TÄ±nlÄ±-Kumlu,6.5,1.2,orta,850,1950,14.0,Karadeniz,orchard,,OpenStreetMap,79,"suya Ã§ok yakÄ±n, orta eÄŸim, dÃ¼ÅŸÃ¼k rakÄ±m, orta toprak, uygun yaÄŸÄ±ÅŸ, ideal gÃ¼neÅŸlenme, mevcut tarÄ±m arazisi",ğŸ’§ Su: 1.1km (Hozat Ã‡ayÄ±) - MÃœKEMMEL | ğŸ“ EÄŸim: %10.0 - Ä°YÄ° | â›°ï¸ RakÄ±m: 725m - MÃœKEMMEL | ğŸ™ï¸ Åehir: 522.8km - UZAK | ğŸŒ± Toprak: TÄ±nlÄ±-Kumlu (pH:6.5) - ORTA | ğŸŒ§ï¸ YaÄŸÄ±ÅŸ: 850mm - Ä°YÄ° | â˜€ï¸ GÃ¼neÅŸlenme: 1950saat - MÃœKEMMEL | ğŸï¸ Arazi: orchard - BONUS,VERÄ°MLÄ°
38.9856896,37.8040611,954,7.6,0.4,Ä°simsiz,Ã§ay,404.5,TÄ±nlÄ±-Kumlu,6.5,1.2,orta,380,2650,11.2,Karasal,orchard,,OpenStreetMap,74,"suya Ã§ok yakÄ±n, orta eÄŸim, orta rakÄ±m, orta toprak, uygun yaÄŸÄ±ÅŸ, ideal gÃ¼neÅŸlenme, mevcut tarÄ±m arazisi",ğŸ’§ Su: 0.4km (Ä°simsiz) - MÃœKEMMEL | ğŸ“ EÄŸim: %7.6 - Ä°YÄ° | â›°ï¸ RakÄ±m: 954m - Ä°YÄ° | ğŸ™ï¸ Åehir: 404.5km - UZAK | ğŸŒ± Toprak: TÄ±nlÄ±-Kumlu (pH:6.5) - ORTA | ğŸŒ§ï¸ YaÄŸÄ±ÅŸ: 380mm - Ä°YÄ° | â˜€ï¸ GÃ¼neÅŸlenme: 2650saat - MÃœKEMMEL | ğŸï¸ Arazi: orchard - BONUS,VERÄ°MLÄ°
39.0038936,37.785919,797,9.9,0.1,Ä°simsiz,gÃ¶l,405.9,TÄ±nlÄ±-Kumlu,6.5,1.2,orta,850,1950,14.0,Karadeniz,orchard,,OpenStreetMap,79,"suya Ã§ok yakÄ±n, orta eÄŸim, dÃ¼ÅŸÃ¼k rakÄ±m, orta toprak, uygun yaÄŸÄ±ÅŸ, ideal gÃ¼neÅŸlenme, mevcut tarÄ±m arazisi",ğŸ’§ Su: 0.1km (Ä°simsiz) - MÃœKEMMEL | ğŸ“ EÄŸim: %9.9 - Ä°YÄ° | â›°ï¸ RakÄ±m: 797m - MÃœKEMMEL | ğŸ™ï¸ Åehir: 405.9km - UZAK | ğŸŒ± Toprak: TÄ±nlÄ±-Kumlu (pH:6.5) - ORTA | ğŸŒ§ï¸ YaÄŸÄ±ÅŸ: 850mm - Ä°YÄ° | â˜€ï¸ GÃ¼neÅŸlenme: 1950saat - MÃœKEMMEL | ğŸï¸ Arazi: orchard - BONUS,VERÄ°MLÄ°
39.0055876,37.7870755,588,7.5,0.1,Ä°simsiz,gÃ¶l,312.5,TÄ±nlÄ±-Kumlu,6.5,1.2,orta,850,1950,14.0,Karadeniz,orchard,,OpenStreetMap,79,"suya Ã§ok yakÄ±n, orta eÄŸim, dÃ¼ÅŸÃ¼k rakÄ±m, orta toprak, uygun yaÄŸÄ±ÅŸ, ideal gÃ¼neÅŸlenme, mevcut tarÄ±m arazisi",ğŸ’§ Su: 0.1km (Ä°simsiz) - MÃœKEMMEL | ğŸ“ EÄŸim: %7.5 - Ä°YÄ° | â›°ï¸ RakÄ±m: 588m - MÃœKEMMEL | ğŸ™ï¸ Åehir: 312.5km - UZAK | ğŸŒ± Toprak: TÄ±nlÄ±-Kumlu (pH:6.5) - ORTA | ğŸŒ§ï¸ YaÄŸÄ±ÅŸ: 850mm - Ä°YÄ° | â˜€ï¸ GÃ¼neÅŸlenme: 1950saat - MÃœKEMMEL | ğŸï¸ Arazi: orchard - BONUS,VERÄ°MLÄ°
38.985306,37.8008757,1042,9.8,0.6,Ä°simsiz,Ã§ay,425.1,TaÅŸlÄ±-Kumlu,5.8,0.7,dÃ¼ÅŸÃ¼k,380,2650,11.2,Karasal,farmland,,OpenStreetMap,70,"suya Ã§ok yakÄ±n, orta eÄŸim, orta rakÄ±m, uygun yaÄŸÄ±ÅŸ, ideal gÃ¼neÅŸlenme, mevcut tarÄ±m arazisi",ğŸ’§ Su: 0.6km (Ä°simsiz) - MÃœKEMMEL | ğŸ“ EÄŸim: %9.8 - Ä°YÄ° | â›°ï¸ RakÄ±m: 1042m - Ä°YÄ° | ğŸ™ï¸ Åehir: 425.1km - UZAK | ğŸŒ± Toprak: TaÅŸlÄ±-Kumlu (pH:5.8) - DÃœÅÃœK | ğŸŒ§ï¸ YaÄŸÄ±ÅŸ: 380mm - Ä°YÄ° | â˜€ï¸ GÃ¼neÅŸlenme: 2650saat - MÃœKEMMEL | ğŸï¸ Arazi: farmland - BONUS,VERÄ°MLÄ°
38.986237,37.8011058,840,9.3,0.5,Ä°simsiz,Ã§ay,343.3,TÄ±nlÄ±-Kumlu,6.5,1.2,orta,380,2650,11.2,Karasal,farmland,,OpenStreetMap,74,"suya Ã§ok yakÄ±n, orta eÄŸim, orta rakÄ±m, orta toprak, uygun yaÄŸÄ±ÅŸ, ideal gÃ¼neÅŸlenme, mevcut tarÄ±m arazisi",ğŸ’§ Su: 0.5km (Ä°simsiz) - MÃœKEMMEL | ğŸ“ EÄŸim: %9.3 - Ä°YÄ° | â›°ï¸ RakÄ±m: 840m - Ä°YÄ° | ğŸ™ï¸ Åehir: 343.3km - UZAK | ğŸŒ± Toprak: TÄ±nlÄ±-Kumlu (pH:6.5) - ORTA | ğŸŒ§ï¸ YaÄŸÄ±ÅŸ: 380mm - Ä°YÄ° | â˜€ï¸ GÃ¼neÅŸlenme: 2650saat - MÃœKEMMEL | ğŸï¸ Arazi: farmland - BONUS,VERÄ°MLÄ°
